class_id,ut_id,ref_class
100VH25818,1JP23ZDV6R,2CC531MM66
100VH25818,1MOJEXDKSA,VI5OCBZU0
101DWZ8JPV,2NCU4SKWK,29PJ8EBQDP
101DWZ8JPV,42ZJIQBIE,1E1IWF6N67
101DWZ8JPV,G3SWY48TK,20UUYT6YTD
101RQV99VA,1CRN82227G,DMIYVNY0F
103OAY5E1O,42ZJIQBIE,PAVMWXYY4
103OAY5E1O,G3SWY48TK,QK7S55D8U
104P25L8L4,1CRN82227G,2M3IWI7DA0
104P25L8L4,1ZU4SRIBYP,HFHINSC9E
104P25L8L4,291K7WPJ21,GQ82SCDC6
104P25L8L4,2DRIUYX4MA,2AQ63YLOLT
108S5YTIHT,75X9G60NB,1Z1E3A0FLH
10DTG0AEOW,102W5RGROM,1OD5PHYVBB
10KDAXFBPY,1ZU4SRIBYP,1HD7X4U4OD
10MYDMD11U,1CRN82227G,RF9KI7V9A
10O0CFM4TG,2EQIAX4CBK,V0SMGL5CD
10R1CZDQN1,MCV5ISFAE,2HGWCSQSTK
10ZA4TRIO7,18CREL5RDE,T6WUBQVP8
10ZA4TRIO7,2O6E3WWEH,2DK2EEKWF7
10ZNA7XEGA,1B7LK5I5LS,LYF0V2KN3
10ZNA7XEGA,1CHOCYU9HT,16B7GHD4B
10ZNA7XEGA,203R6QQJVM,2KES6A7ETX
10ZNA7XEGA,OV66LJT5T,1WW0QTZBLN
1101JH63EQ,2B5CWJHWG3,1I1T14VO8O
1136S33EDO,2CJUOVYZPX,26E7SPWLP1
113Z4D4FZ4,14CKWJL752,FTDRCA3C3
113Z4D4FZ4,1CHOCYU9HT,1IVD6Q7VJM
1169NI3C1B,2CJUOVYZPX,1K5CTX9QBD
119ESZK0V7,1SAWTQDD78,1U7KMGPS3B
11B6ZSG68I,1CRN82227G,2QQ8B3RX79
11CV334ZE6,2CJUOVYZPX,1K5CTX9QBD
11DGA0Z6Y9,1QCX0AAXMA,16I2EUD1DO
11EDPYEJ3M,1ZU4SRIBYP,15QW02ZKQP
11EMX3I8TK,19SOCGRJBE,2CPO8VIZN
11EMX3I8TK,YB92RT456,1I4UWHQXB4
11FMUX63JH,1CRN82227G,24GIIUBOR7
11FQEDSO8O,7JU2J2Y19,1ZG31WA0KR
11GAUCFC2O,2PN6550BQO,1TRNTXKZS9
11GGRCQCQE,11LIXX9DNI,7XZ8DNVKC
11GGRCQCQE,1ZU4SRIBYP,26JIUH83UR
11GGRCQCQE,25HVVU5H5O,K1H0TT01T
11GGRCQCQE,291K7WPJ21,2KK2FDJDL6
11GGRCQCQE,2PN6550BQO,1PK3P6Q36W
11GGRCQCQE,MCV5ISFAE,1LNS7Z537M
11GJL368R4,2B5CWJHWG3,1FIHLFUJYW
11GJL368R4,2EQIAX4CBK,17NTUY3OPA
11GJL368R4,PQVOJ34IS,SLN5JL9S7
11IRLZWTF6,OV66LJT5T,1QY5ZWXL90
11NMX8A453,291K7WPJ21,2JK3DLZKY9
11OU8YL30J,CD76U7XEG,2F1HHNOA80
11QUDAQZHD,2NCU4SKWK,20UUYT6YTD
11QUDAQZHD,42ZJIQBIE,101DWZ8JPV
11QUDAQZHD,G3SWY48TK,VCVE2R9R1
11SJ121W2S,1B7LK5I5LS,2G74U22DZ6
11UEDZEZRH,42ZJIQBIE,POPV1I6O8
11UEDZEZRH,75X9G60NB,20TB11C64K
11WZ0JQCOS,2EQIAX4CBK,2JHPUTHG6I
128D8WPDE8,1QO6DRI4PV,232T7G5J09
128D8WPDE8,2FVWW3NRA9,1KL0IEK85I
128D8WPDE8,2II970JDIR,8YR0DOS6E
129OT5DNV0,2B5CWJHWG3,1FIHLFUJYW
129OT5DNV0,2EQIAX4CBK,PRELX0XSZ
12FQB1WNEW,1CRN82227G,1AVM9E084O
12IBUC55AC,1JP23ZDV6R,SWFCEELA4
12IBUC55AC,1MOJEXDKSA,1NL3A0N0X7
12IRO31NVL,2H31BE7GH6,PQ3VNT83Z
12OG5MGDAY,1B7LK5I5LS,1IVD6Q7VJM
12U7UBI1BL,1QO6DRI4PV,YWJ30GDW3
12X7ILUL8N,1QO6DRI4PV,2L3I1UE5OU
12XOOW0DUL,1N3LZJ9L23,6BU7WJADN
12XOOW0DUL,2P4V41O0W1,13N6CWE0L5
12XOOW0DUL,VTAU0YC8Y,2RI2839XFU
12YMCN0CRV,21O576G5H3,1LN99NOE3K
1365LFPXBX,21O576G5H3,2GSD6UPSD8
1365LFPXBX,2EQIAX4CBK,ZGIN25AV6
1365LFPXBX,2MW6303N0L,1I1T14VO8O
1365LFPXBX,KITS4GUF3,1J2HHWYFIM
1365LFPXBX,PQVOJ34IS,1TQDDI84DN
139XI4GUK4,7JU2J2Y19,1EHILG148E
13F3RW8B3H,2B5CWJHWG3,94ZQHZN93
13GNGDTYE6,25HVVU5H5O,1TNV5WDAQR
13GNGDTYE6,2PN6550BQO,24JZWPS7NI
13HFQREMB4,2EQIAX4CBK,1AS8GS5YVP
13HFQREMB4,KITS4GUF3,1JSPOCBTPT
13HH51TOUU,V6SPFLRWQ,1MBGA64B2S
13K833Y1Q0,2NCU4SKWK,VCVE2R9R1
13K833Y1Q0,42ZJIQBIE,1APD9EZYFD
13KMPY09S4,1QO6DRI4PV,AK10PG18X
13M51R3RJ6,7JU2J2Y19,2KR1ACID27
13MZ5284SU,2AUCRW14PQ,1OFBBMV6DO
13MZ5284SU,2CJUOVYZPX,2GYK1Q0G9Y
13MZ5284SU,Z0IH3IENY,GK87D0NIC
13N0I7GETX,16CCYUUCDV,2BC1Y7TK45
13N0I7GETX,1LVVT3QON,1SHIGOAZA6
13N0I7GETX,1RB53QXO8E,21X2KH9SNO
13N0I7GETX,2AKCDGT1Y0,9Q2QZOFNM
13N6CWE0L5,1JIAKUDFWB,MQ1XI7E7E
13N6CWE0L5,1N3LZJ9L23,2H09KH1RQ6
13N6CWE0L5,2P4V41O0W1,1J45GE17HG
13N6CWE0L5,K7RBSKLY7,B94H8CGQP
13N6CWE0L5,VTAU0YC8Y,245I0I4Q3C
13OS0C8ACC,102W5RGROM,19J3QWOLY6
13OS0C8ACC,1HJSVODTKX,1QWUV6MDAI
13OS0C8ACC,1QO6DRI4PV,27TYRL6UMM
13OS0C8ACC,2FVWW3NRA9,1MMEDSTUVO
13OS0C8ACC,2II970JDIR,1MMEDSTUVO
13OS0C8ACC,7JU2J2Y19,DPS8MI75I
13OS0C8ACC,V6SPFLRWQ,22769VM1J3
13P8GKICCV,1ZU4SRIBYP,2Q12HLXHJF
13QFVF9ZNU,1B7LK5I5LS,HSY2XG0Z0
13WJTUMTJM,LPK4NJEXJ,1P9JND88K4
13XM6Z20T3,2EQIAX4CBK,1AS8GS5YVP
141D08LCXV,21O576G5H3,1X5NYS6SGA
141D08LCXV,PQVOJ34IS,4R39KJH7Q
142Y9P52H7,25HVVU5H5O,1EBH1NAO15
146VJUI13V,1HYJXCXQFR,283VYHPN74
146VJUI13V,AXMCA31JJ,71M1ALQX5
146VOM0G6Y,KITS4GUF3,PNPWYLAP6
14EJB8E8FD,2EQIAX4CBK,2BS6SV1JLM
14EJB8E8FD,KITS4GUF3,1365LFPXBX
14EJB8E8FD,PQVOJ34IS,1KBOR7RKGV
14H3TJK7C6,21O576G5H3,457TY1E6G
14J43A6SD,2O6E3WWEH,27CS8ZCS0K
14MZLGKL6K,1QO6DRI4PV,2BCG7MLU7Q
14MZLGKL6K,7JU2J2Y19,AK10PG18X
14W0VYGE0Z,YB92RT456,1LOWND4O1K
14WY6AX3ML,1LVVT3QON,21547IX0E5
150348K42V,21O576G5H3,1VV9INMJLH
150348K42V,KITS4GUF3,1G70GSBHBN
150348K42V,PQVOJ34IS,2DG3MU7HO4
150WOHLWDI,2H31BE7GH6,12IRO31NVL
151F6FKOCL,KITS4GUF3,1JSPOCBTPT
15302OP8K,1JP23ZDV6R,1XNGRES1T5
155CNPE35N,7JU2J2Y19,1EHILG148E
156JR88QOO,21O576G5H3,IG99L58AV
159D7LBL8I,CD76U7XEG,D3EXBNF3N
15AFYDN1NU,75X9G60NB,216ICPVAZR
15F5S3I2PF,291K7WPJ21,2BQLO8PJ1X
15K7I8HT5F,1QO6DRI4PV,R2SQLRV0X
15L1B9B3RX,2O6E3WWEH,1QJ0SRJ5GK
15NJJ6LRW1,1B7LK5I5LS,RMZBY5GXX
15O7QP08VU,11LIXX9DNI,BW99JHNX2
15O7QP08VU,25HVVU5H5O,IQ3895RU2
15O7QP08VU,2PN6550BQO,2F83OXCIQF
15O7QP08VU,MCV5ISFAE,2270Q58KS1
15QSVEBLY4,291K7WPJ21,1DO5XMTCYM
15QW02ZKQP,11LIXX9DNI,5ON6I6SQK
15QW02ZKQP,12YG6TUTHQ,NM6LZLFS0
15QW02ZKQP,1ZU4SRIBYP,1GHRXWVTMU
15QW02ZKQP,25HVVU5H5O,142Y9P52H7
15QW02ZKQP,291K7WPJ21,1Q8T0ANB99
15QW02ZKQP,2PN6550BQO,6WNEI6S17
15QW02ZKQP,MCV5ISFAE,2DH276P68S
15WVBEMIB9,2DRIUYX4MA,ZNRFPGR3B
15ZE1X76R7,1QO6DRI4PV,28ZVV1RNBC
162M6AR5TI,2DRIUYX4MA,GDR5E3ZTL
162P9R2M8,1QCX0AAXMA,11DGA0Z6Y9
165MK4MEK7,75X9G60NB,15AFYDN1NU
166H3LRQPW,102W5RGROM,1R6IEENGQ1
166H3LRQPW,1M5CIOUVYX,1CR4WF3M5A
168KWNULB1,102W5RGROM,C4IHYX0UX
168KWNULB1,2II970JDIR,27EUM6XFZO
16B7GHD4B,1B7LK5I5LS,12OG5MGDAY
16B7GHD4B,1CHOCYU9HT,XMRV8XK3Y
16B7GHD4B,2H31BE7GH6,2ISK51ZCPZ
16CIE04DL4,MCV5ISFAE,2B8JGWV0AJ
16D606D0X0,2FVWW3NRA9,2JW24B5ZR2
16DLEG0U4N,MCV5ISFAE,LQD06P2YI
16I2EUD1DO,1QCX0AAXMA,162P9R2M8
16IBXGQL1I,2NCU4SKWK,24YA5GFJ22
16J3UIZZ5G,21O576G5H3,JXXPX0O5L
16J3UIZZ5G,2EQIAX4CBK,1B0JIXRRKS
16JNMIQIFU,19U8NCGO3N,1XIMAM9AS3
16JNMIQIFU,1JP23ZDV6R,1M6QPX9MCM
16JNMIQIFU,1MOJEXDKSA,1DPGPJ5CNR
16KVNNWCYP,2EQIAX4CBK,1AS8GS5YVP
16LDZHN602,18CREL5RDE,1SSQ22RAU8
16LDZHN602,2O6E3WWEH,2AQ63YLOLT
16LXCFANNE,1QO6DRI4PV,HNG2E1FB3
16LXCFANNE,7JU2J2Y19,V2BQQC4BT
16OB8ZORX4,CD76U7XEG,1RCN4WD26A
16U0U5LINO,PQVOJ34IS,1PVN6EGJPO
16W0DYFEJB,25HVVU5H5O,21O5LG8BDY
16W0DYFEJB,2PN6550BQO,1KCUESOSEH
16YSC01N7X,2EQIAX4CBK,193WBYU3HT
16YSC01N7X,KITS4GUF3,B8WN1JE0Y
16YSC01N7X,PQVOJ34IS,554OC7L10
16ZBYE6BYP,18CREL5RDE,1PWT9LVMQZ
16ZBYE6BYP,2O6E3WWEH,2G7PB1QHQ1
171AOEGFTE,291K7WPJ21,V7DJVE1CY
173WAC988V,1ZU4SRIBYP,104P25L8L4
17CS2X4KOO,2EQIAX4CBK,2QJVYJCUU7
17ES4OY99,19U8NCGO3N,GNDXBQXT7
17ES4OY99,1MOJEXDKSA,100VH25818
17ES4OY99,YNO6IYJ38,YYKMRCK0M
17KLX7CIH5,1ZU4SRIBYP,JOEVJP9NR
17NTUY3OPA,21O576G5H3,25DNGLDB9W
17NTUY3OPA,2EQIAX4CBK,54YKVMBSV
17NTUY3OPA,2MW6303N0L,2P3DYNIXW5
17NTUY3OPA,KITS4GUF3,5NQZQD2MU
17NTUY3OPA,PQVOJ34IS,20M9R4PWB8
17PCD78U1D,25HVVU5H5O,1Z54GWXS09
17PZ43A349,2O6E3WWEH,1SSQ22RAU8
17SJSPL03R,1JIAKUDFWB,6BU7WJADN
17SR5L87ZM,1CRN82227G,2CKXCWGPVW
17W5YCQ7Q1,203R6QQJVM,24AY2ZWKDN
184MXE9S8T,1MOJEXDKSA,TAS4HV137
186RIUAR6R,1ZE80P5LN1,5JQ3T3OWP
186RIUAR6R,JJF4YSX3I,2ESAAJI54M
186RIUAR6R,LPK4NJEXJ,2J6DPOBHWF
186RIUAR6R,V54WRGTS4,2J6DPOBHWF
18AEZQXCV3,25HVVU5H5O,K1H0TT01T
18BWWGHPOE,1B7LK5I5LS,1U82M5AWL6
18C4DZU9N9,19U8NCGO3N,1XIMAM9AS3
18C4DZU9N9,1JP23ZDV6R,DM8RVSZMV
18C4DZU9N9,1MOJEXDKSA,TAS4HV137
18G3CZ0YPH,V54WRGTS4,6FBH59LD2
18K92B6XMF,19SOCGRJBE,2CPO8VIZN
18OE84C9G,1QO6DRI4PV,1V6B1FHQE6
18OE84C9G,2II970JDIR,19LA85BK22
18OE84C9G,7JU2J2Y19,YIAU463H6
18Q9XEXCUR,2H31BE7GH6,ODBH3RSGB
18QAYOS4BK,9C7HG1GDJ,P97D50HMR
18QAYOS4BK,E3GBHOT17,1L3J666D4B
18ULWTQQAM,2O6E3WWEH,2QU6Z6P2NU
18Y46RO51V,2LF8RVGZ5G,216ICPVAZR
18Y46RO51V,42ZJIQBIE,260NQSV7BH
18ZNP1CBUQ,1QO6DRI4PV,1A8WHPYM1Y
192CAPB5B,1QO6DRI4PV,20541GBWFA
193WBYU3HT,2B5CWJHWG3,ZGIN25AV6
193WBYU3HT,2EQIAX4CBK,VTEQKZ6O7
19BU8FQ6GI,2B5CWJHWG3,13F3RW8B3H
19DE1F008N,203R6QQJVM,1BPVJTUH1D
19DE1F008N,2H31BE7GH6,60GPJTGGC
19EB97OW8F,1ZGT9CJLLI,G70V4BCLS
19EB97OW8F,CD76U7XEG,VZGKBWQCZ
19FESIKMXV,28C2XKURQ5,2NXTQ5EWB3
19FESIKMXV,CD76U7XEG,19EB97OW8F
19FSDLSPKR,1M5CIOUVYX,23QNP79RJB
19HY9YAFS1,2CJUOVYZPX,1E6E1H8UHK
19J3QWOLY6,102W5RGROM,27EUM6XFZO
19J46IE6EE,11LIXX9DNI,H57CXMIGL
19KMUA6LUV,21O576G5H3,SY7D1273B
19KMUA6LUV,2DRIUYX4MA,1M9DRS44NX
19LA85BK22,2II970JDIR,B4TVPPM98
19OJOYQ1VU,2NCU4SKWK,20TB11C64K
19OJOYQ1VU,42ZJIQBIE,1LTJYXQG6W
19P4LAW1YT,1CHOCYU9HT,2K6V6GTPMC
19P4LAW1YT,203R6QQJVM,1HNH6FK9WM
19P4LAW1YT,2H31BE7GH6,2G74U22DZ6
19ZL8WL7S5,2N72V5YYH2,E8M2PF94Q
19ZYWAXJS8,K1U9M2PVF,2GD3P40IKB
1A4H1SNAEY,1QO6DRI4PV,MKC50MF4R
1A4H1SNAEY,V6SPFLRWQ,2L3I1UE5OU
1A8NFWNSG9,1HYJXCXQFR,1MF4YYB4CI
1A8NFWNSG9,AXMCA31JJ,7HPW458XE
1A8WHPYM1Y,1HJSVODTKX,V5HX0IHZ
1A8WHPYM1Y,1QO6DRI4PV,3QQQW0EU3
1ABNHW8H7I,25HVVU5H5O,2ERYLP3LEE
1ABQF6LSD3,75X9G60NB,1OB03TYN5R
1AH3HA11V1,1KM3EXIV24,2JUKHO24WR
1APD9EZYFD,2NCU4SKWK,2P49C91Z59
1APD9EZYFD,42ZJIQBIE,13K833Y1Q0
1AS8GS5YVP,2EQIAX4CBK,1XIWH0FBQ0
1AUFDI9VS8,1QO6DRI4PV,2M7XK35UBJ
1AUT62N72F,2O6E3WWEH,2LTX8TE950
1AVM9E084O,1CRN82227G,QPLQTOX8B
1AXCDOH73T,1QO6DRI4PV,1JSQNV2JDN
1B0JIXRRKS,2EQIAX4CBK,1CWW9H8LVT
1B0VM5SFKE,2LF8RVGZ5G,NPDL637X2
1B16LAIKH9,7JU2J2Y19,1OD5PHYVBB
1B2CXDXM02,1QO6DRI4PV,1JXZ7I7SX
1B2CXDXM02,25HVVU5H5O,7I6E66NDV
1B2CXDXM02,V6SPFLRWQ,2M7XK35UBJ
1B4EJH4KFS,2HFQVB1VO7,WL2BRN4RH
1B4EJH4KFS,2NCU4SKWK,24YA5GFJ22
1B4EJH4KFS,42ZJIQBIE,WL2BRN4RH
1B4EJH4KFS,75X9G60NB,108S5YTIHT
1B4EJH4KFS,G3SWY48TK,1E1IWF6N67
1B543BAL5D,102W5RGROM,1SUQNE8KFM
1B7A9WRQ1,1TINQ6FVZO,X5U2VDQ6M
1B7A9WRQ1,1ZGT9CJLLI,2FXH5SRL7R
1B7A9WRQ1,28C2XKURQ5,C4EIV9P0E
1B7A9WRQ1,2PFDITEA98,2NXTQ5EWB3
1B7A9WRQ1,6DB8TTW80,203RL44B4E
1B7A9WRQ1,CD76U7XEG,201D1DVX6K
1BAZTG0O0V,1JIAKUDFWB,1J45GE17HG
1BAZTG0O0V,2P4V41O0W1,245I0I4Q3C
1BD67G26TX,1CHOCYU9HT,1QY5ZWXL90
1BD67G26TX,OV66LJT5T,1O1P3BJOJS
1BDH15KEQC,1JIAKUDFWB,13N6CWE0L5
1BDH15KEQC,1N3LZJ9L23,MQ1XI7E7E
1BDH15KEQC,2P4V41O0W1,12XOOW0DUL
1BDH15KEQC,K7RBSKLY7,13N6CWE0L5
1BDH15KEQC,VTAU0YC8Y,245I0I4Q3C
1BFTHKLQRE,7JU2J2Y19,2KR1ACID27
1BFUXLQARJ,1S4ZTRAFB7,1Z7F0BR24E
1BFUXLQARJ,6DB8TTW80,XGRH5FSGL
1BISI81DT0,42ZJIQBIE,3CLZMY2L1
1BJRYJ8XO2,1HJSVODTKX,2DT1ZV4M1J
1BL5C9VX4M,A1XD91RHO,1S5NMO6BAU
1BL5C9VX4M,OVZXBOVPQ,440QPX5YW
1BNWF8Q8GC,1ZGT9CJLLI,1L3J666D4B
1BNWF8Q8GC,CD76U7XEG,C4EIV9P0E
1BNY5DL9MA,PQVOJ34IS,141D08LCXV
1BO3IOR6A3,102W5RGROM,8YR0DOS6E
1BPADLKKEB,1CRN82227G,1CWFC0QJR6
1BPVJTUH1D,203R6QQJVM,2NXP0FP50Y
1BPVJTUH1D,OV66LJT5T,20AUTNOA8R
1BQGFHRUD4,LPK4NJEXJ,22OU8LS7VJ
1BRARRN4NA,21O576G5H3,25MW60B77S
1BRFZ49TA4,2HRUZ6T51M,FZTJWLTZH
1BRQ4XCF7R,1QO6DRI4PV,NK1M1LSMW
1BRQ4XCF7R,V6SPFLRWQ,5BMQNK3WO
1BUEGVS1TS,1TINQ6FVZO,8CU56UV99
1BUX64XSRB,18CREL5RDE,27YOLDD59E
1BUX64XSRB,2O6E3WWEH,10ZA4TRIO7
1C3Z5IT0HA,2N72V5YYH2,2D8OLYZ8V4
1C4IQXC5CJ,1T2RJ63FXG,LI2E4SOVS
1C67BP9ZVX,1CHOCYU9HT,113Z4D4FZ4
1C67BP9ZVX,203R6QQJVM,ODBH3RSGB
1C67BP9ZVX,2H31BE7GH6,AVIOIP2HO
1C703P39TH,2DPZD3RI4F,A91J81FZC
1C703P39TH,2N3U5AFYP4,A91J81FZC
1C703P39TH,A1XD91RHO,BZ20PKRR5
1C703P39TH,OVZXBOVPQ,BZ20PKRR5
1C8R9D57VD,1B7LK5I5LS,3AXZ9ABNR
1C8R9D57VD,2H31BE7GH6,1U82M5AWL6
1CAR58VGL4,1N3LZJ9L23,1BDH15KEQC
1CBU1W92BF,1QO6DRI4PV,1AXCDOH73T
1CEPKOYVVT,1LVVT3QON,1VIXXQYQYU
1CHZBWOLBW,2O6E3WWEH,2AKXS3UKPY
1CIM8NXULB,G3SWY48TK,2P49C91Z59
1CJ1SPXI4U,21O576G5H3,1365LFPXBX
1CJ1SPXI4U,KITS4GUF3,1CWW9H8LVT
1CJ1SPXI4U,PQVOJ34IS,150348K42V
1CK37Z7I4L,JJF4YSX3I,1ZL40NQI0B
1CK37Z7I4L,V54WRGTS4,2J6DPOBHWF
1CP8KV5C4Q,15WQ99RBL9,7V8T46HBF
1CR4WF3M5A,1HJSVODTKX,V5HX0IHZ
1CR4WF3M5A,1M5CIOUVYX,19FSDLSPKR
1CRVE59UEH,2B5CWJHWG3,K7C2H8FK1
1CRVN37JO3,B0NEZLXO0,2F1QLINVI8
1CSWTLWIXU,25HVVU5H5O,V7TRKF2TO
1CSWTLWIXU,2PN6550BQO,2YAEIW8NM
1CTDFD6SNH,11LIXX9DNI,1R6IEENGQ1
1CTDFD6SNH,25HVVU5H5O,13GNGDTYE6
1CUHM1Z3QH,2H31BE7GH6,2GNHSXPYIR
1CWCF2FCF9,1B7LK5I5LS,1LT7C6QUL7
1CWCF2FCF9,203R6QQJVM,Y6DP7UQC1
1CWCF2FCF9,2H31BE7GH6,18Q9XEXCUR
1CWFC0QJR6,1CRN82227G,11FMUX63JH
1CWFC0QJR6,21O576G5H3,M52PXO1QK
1CWW9H8LVT,2EQIAX4CBK,9LMOU6BN9
1CWW9H8LVT,KITS4GUF3,13HFQREMB4
1CWW9H8LVT,PQVOJ34IS,NZKS53SDN
1CYNJOTUHI,1QO6DRI4PV,232T7G5J09
1CZV7T92EP,2CJUOVYZPX,1LP68QGE7D
1D2HZNT1YA,SQ1SGA4ZF,1W0RMOG6V
1D53WDGFCL,19SOCGRJBE,1I4UWHQXB4
1D53WDGFCL,1S4ZTRAFB7,1Z7F0BR24E
1D53WDGFCL,YB92RT456,237OAHK7BT
1D86WTC4YQ,MCV5ISFAE,1H9EOM0WKP
1D92407CUX,KZF2GFC0J,71M1ALQX5
1DED9LJMLO,2737P9PM2Z,1LMM3REDP8
1DGS5B5EJD,AXMCA31JJ,24T6CHMT13
1DI21UZVOE,1B7LK5I5LS,16B7GHD4B
1DKC4XUR5Y,2B5CWJHWG3,13F3RW8B3H
1DKNQD4CL9,1QO6DRI4PV,18OE84C9G
1DO5XMTCYM,11LIXX9DNI,2JQZXUEV9P
1DO5XMTCYM,291K7WPJ21,1LSVT7TT23
1DOLILTLXV,OV66LJT5T,2D4EMLY785
1DPGPJ5CNR,1MOJEXDKSA,BAVWXN2WM
1DQ3D0129H,21O576G5H3,1KBOR7RKGV
1DSKGJKSG8,1CRN82227G,2IHBDKCXES
1DWVHZRQVY,V6SPFLRWQ,1BRQ4XCF7R
1DYK0A3F9I,DNX38TW4T,1E6E1H8UHK
1E1IWF6N67,42ZJIQBIE,3CLZMY2L1
1E1IWF6N67,G3SWY48TK,WSQSD89SJ
1E25UZCJ3R,11LIXX9DNI,1SOBPZXCMB
1E35V06UZM,18CREL5RDE,OSMN0TK3D
1E35V06UZM,2DRIUYX4MA,TVACZC313
1E35V06UZM,2J2RMWVC09,2FPD940DT7
1E4J40HAVO,1QO6DRI4PV,L7ISCW19B
1E6E1H8UHK,2AUCRW14PQ,2EKVL5RDI4
1E6E1H8UHK,2CJUOVYZPX,2AVMTBNWAO
1E6E1H8UHK,DNX38TW4T,2891OI563N
1E6E1H8UHK,Z0IH3IENY,2891OI563N
1EB70YYGXV,21O576G5H3,150348K42V
1EB70YYGXV,PQVOJ34IS,251EK9A1BZ
1EBH1NAO15,1QO6DRI4PV,16LXCFANNE
1EBH1NAO15,25HVVU5H5O,29XZX7V4NT
1EDIEENW05,19SOCGRJBE,1P5OAP8O9Q
1EFM1PP9UF,2DRIUYX4MA,15WVBEMIB9
1EGJXPGOEC,1JP23ZDV6R,1ZX07X83LX
1EGQFFAL1D,1TINQ6FVZO,22R65HG0BM
1EGU3MFBN1,2P4V41O0W1,SYHUM61GC
1EHILG148E,1QO6DRI4PV,1TVX0IQBW7
1EHILG148E,7JU2J2Y19,1SO18K709B
1EHILG148E,V6SPFLRWQ,1JQ6YVECFM
1EIY27DRUQ,1M5CIOUVYX,Z1UG7N6F1
1EMCIVHY37,291K7WPJ21,1Z1HO42B8E
1ENXKMQXGV,102W5RGROM,2H695PJ1EA
1EPTAAQPT9,2AUCRW14PQ,GK87D0NIC
1EPTAAQPT9,2CJUOVYZPX,11CV334ZE6
1EPTAAQPT9,B0NEZLXO0,2F1QLINVI8
1EPTAAQPT9,DNX38TW4T,X9L69UEKO
1EPTAAQPT9,Z0IH3IENY,1E6E1H8UHK
1ER27AALSJ,1JIAKUDFWB,2GVA9J72YV
1ER27AALSJ,1SAWTQDD78,1U7KMGPS3B
1ER27AALSJ,5YCF2JVJA,27QGB0TTYF
1ET8VQQQHO,1CHOCYU9HT,1URCISUTFA
1EUYY1QNWU,1DPXTDK922,2FSAIJY434
1EUYY1QNWU,V54WRGTS4,E8JXJ7HT8
1EVYLKM52T,2O6E3WWEH,2AKXS3UKPY
1EXMSGBNOZ,21O576G5H3,1J3DVM48V1
1EXNNJ2Q3M,102W5RGROM,2GJJ5K9ODX
1EXNNJ2Q3M,1HJSVODTKX,I24RQ48I0
1F33JU5S79,CD76U7XEG,C4EIV9P0E
1FE4KHIC0Z,19U8NCGO3N,SDESX4G1F
1FE4KHIC0Z,1QO6DRI4PV,26X5NX3PVG
1FE4KHIC0Z,2FVWW3NRA9,BSS3B809P
1FE4KHIC0Z,V6SPFLRWQ,1OD5PHYVBB
1FF715DOGN,11LIXX9DNI,H57CXMIGL
1FI2HRWJYV,KITS4GUF3,207A4N5L2Z
1FI2HRWJYV,PQVOJ34IS,JQNIXEP6E
1FIHLFUJYW,2B5CWJHWG3,1ZJOFZ284R
1FLVLD6U1I,1QO6DRI4PV,TWGMMZ826
1FLVLD6U1I,V6SPFLRWQ,1B2CXDXM02
1FN3UGSKCC,CD76U7XEG,2GPI6SQYQK
1FVIZNA0EA,1ZE80P5LN1,2A1H1GA1A4
1G4G1AGSI6,1QO6DRI4PV,XS5TG13DG
1G4JIS9ZCH,CD76U7XEG,554TI65ZO
1G70GSBHBN,KITS4GUF3,1FI2HRWJYV
1G8564L7PC,2PFDITEA98,296FULGUHG
1GHRXWVTMU,1ZU4SRIBYP,O12LA6JHY
1GWKCCMP34,2FVWW3NRA9,13OS0C8ACC
1GWQ3TJ67F,2H31BE7GH6,LYF0V2KN3
1GZJAVE81W,25HVVU5H5O,7PTX2V2HC
1H75ZHRGLE,2EQIAX4CBK,EFROZOC6S
1H9EOM0WKP,MCV5ISFAE,15QW02ZKQP
1HCX88H1S5,2EQIAX4CBK,VTEQKZ6O7
1HD7X4U4OD,1ZU4SRIBYP,11GGRCQCQE
1HD7X4U4OD,2PN6550BQO,K1H0TT01T
1HE74LFR26,2PN6550BQO,NW1PATK44
1HEQK8C8H,1B7LK5I5LS,10ZNA7XEGA
1HEQK8C8H,2H31BE7GH6,1L3J666D4B
1HJFNUBZRA,21O576G5H3,XWRYQ8B5P
1HJIJCIT3U,1RB53QXO8E,2LSUDT0OEA
1HL2TLM8YZ,21O576G5H3,21VU3VHPJ1
1HMM3TW7W2,2NCU4SKWK,SWOXJ53FC
1HMM3TW7W2,42ZJIQBIE,POPV1I6O8
1HNH6FK9WM,203R6QQJVM,1CWCF2FCF9
1HOYP105CA,2LFMJHSGFQ,1UT5DYPWL0
1HPGRF6Q35,1KM3EXIV24,2824R99F0R
1HS6VKQ5CU,2H31BE7GH6,2NLOMJAQTP
1HTCL17KXB,1QO6DRI4PV,2EZAXEOYKR
1HUWPUAFGF,1HJSVODTKX,I31BKDLNN
1HUWPUAFGF,1M5CIOUVYX,1CR4WF3M5A
1HWLE6MKMK,2B5CWJHWG3,1I1T14VO8O
1HYD32RD59,18CREL5RDE,1MZUBDU2E8
1I1T14VO8O,2B5CWJHWG3,DFCT3LB9N
1I1T14VO8O,2MW6303N0L,G0ZK8W7N4
1I1T14VO8O,PQVOJ34IS,SLN5JL9S7
1I4UWHQXB4,19SOCGRJBE,1EDIEENW05
1I4UWHQXB4,6DB8TTW80,24ABTDPW2A
1I4UWHQXB4,9C7HG1GDJ,237OAHK7BT
1I4UWHQXB4,YB92RT456,24V84VZXEH
1I6ZWR56HX,1QO6DRI4PV,1LHGD1SNCF
1I6ZWR56HX,7JU2J2Y19,K3QSONPR9
1I6ZWR56HX,V6SPFLRWQ,HNG2E1FB3
1I7VYIO0WZ,7JU2J2Y19,1ZG31WA0KR
1IANF91ZS9,42ZJIQBIE,19OJOYQ1VU
1IANF91ZS9,75X9G60NB,1Z1E3A0FLH
1IBQ1UDTWG,1JIAKUDFWB,2GVA9J72YV
1IBQ1UDTWG,1N3LZJ9L23,PJNXAH4AO
1IBQ1UDTWG,1SAWTQDD78,1ER27AALSJ
1IBQ1UDTWG,2I3W30HSW8,PJNXAH4AO
1IF4CZQLWQ,2EQIAX4CBK,2ROFRGNAOY
1IFWAHW2EX,2HFQVB1VO7,2LLZLTZ2WJ
1INK9HQKS3,21O576G5H3,28AY9DY6G
1IQ1SUXV4E,CD76U7XEG,VH4CAF8RN
1IR1SZCB3J,1JP23ZDV6R,1ZX07X83LX
1IR1SZCB3J,1MOJEXDKSA,N6GKAGP3L
1IVD6Q7VJM,1B7LK5I5LS,1U82M5AWL6
1IVD6Q7VJM,1CHOCYU9HT,6KQW169VF
1IVD6Q7VJM,2H31BE7GH6,1UXN1ZE7CL
1J1JMP24EF,KITS4GUF3,1WTSUUC2H6
1J2HHWYFIM,21O576G5H3,1Z2BFXKBRY
1J2HHWYFIM,2MW6303N0L,1I1T14VO8O
1J2HHWYFIM,KITS4GUF3,1ZWHZZOTDZ
1J2R33H7MQ,YB92RT456,24V84VZXEH
1J2SA4HH64,291K7WPJ21,N44NBJTQY
1J3DVM48V1,21O576G5H3,FTB0WM9F9
1J45GE17HG,1JIAKUDFWB,QZZB37X5N
1J45GE17HG,2P4V41O0W1,SYHUM61GC
1J4XSERZL,203R6QQJVM,TV0Q4G8QU
1J92UKF196,102W5RGROM,1EXNNJ2Q3M
1J92UKF196,1M5CIOUVYX,23QNP79RJB
1JCTY4U9OC,2PFDITEA98,8A95ZWHDQ
1JFA82RQM8,25HVVU5H5O,15O7QP08VU
1JIIRZE7Z,203R6QQJVM,2NLOMJAQTP
1JLOJDXGLT,1CRN82227G,2JY9I2KLGK
1JMAEWZDNH,KITS4GUF3,207A4N5L2Z
1JNZKXF6TF,291K7WPJ21,1ONW1NKY1H
1JPC973SUF,2EQIAX4CBK,2P3DYNIXW5
1JQ6YVECFM,V6SPFLRWQ,2M7XK35UBJ
1JRLFCH44T,109KDCRRVS,MI84BBCIA
1JSPOCBTPT,21O576G5H3,2QJMQAVHRX
1JSPOCBTPT,2EQIAX4CBK,1365LFPXBX
1JSPOCBTPT,KITS4GUF3,14EJB8E8FD
1JSPOCBTPT,PQVOJ34IS,W5S4BD5TU
1JSQNV2JDN,1QO6DRI4PV,DPS8MI75I
1JSQNV2JDN,V6SPFLRWQ,GJVGSV0GY
1JUBUYUUHJ,2O6E3WWEH,ZSZH98ARG
1JUQH72E81,1DPXTDK922,23IKPQOXN4
1JUQH72E81,1ZONBOBIVH,2FN0AJW5B8
1JXZ7I7SX,1QO6DRI4PV,1LHGD1SNCF
1JZHZXXI9,21O576G5H3,141D08LCXV
1JZJZGZ13B,G3SWY48TK,DUD0QXVS3
1K0RI2U0MW,2DRIUYX4MA,104P25L8L4
1K5CTX9QBD,2CJUOVYZPX,1136S33EDO
1KBOR7RKGV,21O576G5H3,1OT234G4YF
1KBOR7RKGV,PQVOJ34IS,JQNIXEP6E
1KCUESOSEH,1ZU4SRIBYP,15QW02ZKQP
1KCUESOSEH,25HVVU5H5O,1Z6Z5QDR0B
1KCUESOSEH,291K7WPJ21,1PK3P6Q36W
1KCUESOSEH,2FVWW3NRA9,1FE4KHIC0Z
1KCUESOSEH,2PN6550BQO,NW1PATK44
1KCUESOSEH,MCV5ISFAE,10R1CZDQN1
1KFRUX8GS5,42ZJIQBIE,1XO8OG0EAH
1KL0IEK85I,2FVWW3NRA9,1MMEDSTUVO
1KN8GQAKUL,1ZU4SRIBYP,LQD06P2YI
1KN8GQAKUL,291K7WPJ21,1WUOLNGV2P
1KNL5W4WQ6,2B5CWJHWG3,1I1T14VO8O
1KQC9S7SR1,1TINQ6FVZO,P97D50HMR
1KTN2C3UO1,6DB8TTW80,24ABTDPW2A
1KUO66XREA,1QINLS5ZB8,XFSALBIUF
1L04J4CS06,21O576G5H3,1CJ1SPXI4U
1L0GPV8JTS,1CHOCYU9HT,19P4LAW1YT
1L0Y3N94QN,75X9G60NB,3CLZMY2L1
1L2H5E8KVE,2FVWW3NRA9,1MMEDSTUVO
1L2H5E8KVE,7JU2J2Y19,2MVGKOU4N3
1L3J666D4B,18CREL5RDE,1BUX64XSRB
1L3J666D4B,1B7LK5I5LS,2NMDM0CNW2
1L3J666D4B,1TINQ6FVZO,1KQC9S7SR1
1L3J666D4B,1ZGT9CJLLI,G70V4BCLS
1L3J666D4B,21O576G5H3,1EXMSGBNOZ
1L3J666D4B,28C2XKURQ5,G70V4BCLS
1L3J666D4B,2H31BE7GH6,24VP1343ZQ
1L3J666D4B,2O6E3WWEH,65124BQI4
1L3J666D4B,9C7HG1GDJ,2LUGPCHD2W
1L3J666D4B,CD76U7XEG,2AIM3O3E5U
1L3J666D4B,E3GBHOT17,2LUGPCHD2W
1L3J666D4B,KITS4GUF3,13HFQREMB4
1LH3IE6KUY,291K7WPJ21,104P25L8L4
1LHGD1SNCF,1QO6DRI4PV,SUCAALM1V
1LM2YKMOOT,2AKCDGT1Y0,2OOEMNJ9YA
1LM7V4JGCX,21O576G5H3,1CJ1SPXI4U
1LMM3REDP8,2737P9PM2Z,WSQSD89SJ
1LMM3REDP8,42ZJIQBIE,DUD0QXVS3
1LMM3REDP8,G3SWY48TK,2P49C91Z59
1LN99NOE3K,21O576G5H3,1KBOR7RKGV
1LN99NOE3K,PQVOJ34IS,251EK9A1BZ
1LNS7Z537M,11LIXX9DNI,2GZKTKRIL6
1LNS7Z537M,1ZU4SRIBYP,V36NL2VFL
1LNS7Z537M,25HVVU5H5O,15QW02ZKQP
1LNS7Z537M,291K7WPJ21,77GXKBLZ3
1LNS7Z537M,2PN6550BQO,HCMUER6GE
1LNS7Z537M,MCV5ISFAE,V36NL2VFL
1LOP7F9R2R,CD76U7XEG,KEZXO6QAN
1LOWND4O1K,YB92RT456,237OAHK7BT
1LP68QGE7D,2AUCRW14PQ,B41G0QVEU
1LP68QGE7D,2CJUOVYZPX,O5NLYCS2D
1LP68QGE7D,Z0IH3IENY,13MZ5284SU
1LRFA67YFS,2EQIAX4CBK,2BS6SV1JLM
1LSVT7TT23,291K7WPJ21,77GXKBLZ3
1LT7C6QUL7,1B7LK5I5LS,LDSJ1POUS
1LT7C6QUL7,203R6QQJVM,1C67BP9ZVX
1LT7C6QUL7,2H31BE7GH6,NE3VTJV4K
1LTJYXQG6W,42ZJIQBIE,3CLZMY2L1
1LUJNSUNHF,2II970JDIR,168KWNULB1
1LUXI4PNQO,1TINQ6FVZO,G9WDPMCOO
1M1HFZ6C7O,1HJSVODTKX,2GDST7IAO7
1M6QPX9MCM,19U8NCGO3N,18C4DZU9N9
1M6QPX9MCM,1JP23ZDV6R,AWAB82POP
1M6QPX9MCM,1KM3EXIV24,2JUKHO24WR
1M6QPX9MCM,YNO6IYJ38,3GWL4U2XK
1M7KKUXEXA,2B5CWJHWG3,1FIHLFUJYW
1M95ZER3W8,21O576G5H3,FZ9N88CM
1M9DRS44NX,2DRIUYX4MA,2QJYS8FSWJ
1MA5TKAAK3,LPK4NJEXJ,2BVPS2GK4K
1MBGA64B2S,1QO6DRI4PV,2ABYB3LIW5
1MBGA64B2S,V6SPFLRWQ,1DWVHZRQVY
1MC880YDT9,2FVWW3NRA9,J8OCV54ZF
1MF19THC82,2EQIAX4CBK,ECFLH7Q2C
1MF4YYB4CI,1HYJXCXQFR,5JXBGMFBC
1MF4YYB4CI,AXMCA31JJ,7HPW458XE
1MJM2F5NMM,1QO6DRI4PV,R2SQLRV0X
1MJM2F5NMM,V6SPFLRWQ,2MB5ALKZQE
1MMEDSTUVO,102W5RGROM,I31BKDLNN
1MMEDSTUVO,2FVWW3NRA9,2ERYLP3LEE
1MMEDSTUVO,2II970JDIR,1Y9CW80NT0
1MZGOTCRD2,18CREL5RDE,T6WUBQVP8
1MZRVL44O3,2II970JDIR,1TENR8JK29
1MZUBDU2E8,18CREL5RDE,2PPGEGDYJK
1MZUBDU2E8,1CRN82227G,1JLOJDXGLT
1MZUBDU2E8,2DRIUYX4MA,2DK2EEKWF7
1MZUBDU2E8,2O6E3WWEH,1JUBUYUUHJ
1N0RUXBGN5,1ZU4SRIBYP,1HD7X4U4OD
1N3H8CZ27P,25HVVU5H5O,K1H0TT01T
1N3UGL2LO3,1B7LK5I5LS,2K6V6GTPMC
1N73W4OLXK,7JU2J2Y19,1ZG31WA0KR
1N7AJOKGY9,1QO6DRI4PV,26YX4V2QBG
1NB0LN6022,1DPXTDK922,2FSAIJY434
1NKTA9V0WM,2P4V41O0W1,1S15S7VB85
1NL3A0N0X7,1MOJEXDKSA,3TT919GQ0
1NQP0F26LS,1QO6DRI4PV,1A4H1SNAEY
1NXZI1ACMJ,25HVVU5H5O,18AEZQXCV3
1NYF4VG4N4,2H31BE7GH6,XRJL0Y59O
1NZBFR201D,1B7LK5I5LS,2BF4Y8I6S3
1O0835VBNM,2CJUOVYZPX,2AVMTBNWAO
1O1P3BJOJS,14CKWJL752,FTDRCA3C3
1O1P3BJOJS,OV66LJT5T,6FN1OQZIO
1O4DSU4LAP,1ZU4SRIBYP,1T285AYC99
1O57WFM8KM,2EQIAX4CBK,2P3DYNIXW5
1OARACCA6X,18CREL5RDE,DMIYVNY0F
1OB03TYN5R,75X9G60NB,216ICPVAZR
1OD5PHYVBB,102W5RGROM,10DTG0AEOW
1OD5PHYVBB,1QO6DRI4PV,NK1M1LSMW
1OD5PHYVBB,7JU2J2Y19,1EHILG148E
1OD5PHYVBB,V6SPFLRWQ,1EHILG148E
1OE7KKA6BC,1B7LK5I5LS,1U82M5AWL6
1OE7KKA6BC,2H31BE7GH6,1HEQK8C8H
1OFBBMV6DO,2AUCRW14PQ,GK87D0NIC
1OFBBMV6DO,2CJUOVYZPX,1Z2Q1X01AB
1OFBBMV6DO,DNX38TW4T,1EPTAAQPT9
1OFBBMV6DO,Z0IH3IENY,26E7SPWLP1
1OH0ZBQHS2,1QO6DRI4PV,1FE4KHIC0Z
1OH0ZBQHS2,V6SPFLRWQ,2MB5ALKZQE
1OHB9T1MH4,1QO6DRI4PV,2EZAXEOYKR
1OMSVKTO76,AXMCA31JJ,2JLSAC5PWB
1OMZXUHOS4,26COAV9O17,37SWII08G
1OMZXUHOS4,2AKCDGT1Y0,13N0I7GETX
1ONW1NKY1H,291K7WPJ21,15F5S3I2PF
1ONW1NKY1H,2PN6550BQO,15QW02ZKQP
1OQ0YBO5LH,2PN6550BQO,15QW02ZKQP
1OT234G4YF,21O576G5H3,IG99L58AV
1OT234G4YF,PQVOJ34IS,K7C2H8FK1
1OUIYP0XYZ,PQVOJ34IS,PHTFX4CLK
1OW1C31AKB,YNO6IYJ38,2824R99F0R
1OY4X70XJ1,V54WRGTS4,GQIH9XKJU
1OYLB0EAVV,KITS4GUF3,5NQZQD2MU
1OZ4V7L1Q2,1QO6DRI4PV,1TVX0IQBW7
1OZ7LPFQ1E,18CREL5RDE,2CTW2X83US
1P2UCQBATP,K7RBSKLY7,B94H8CGQP
1P52V4BUSE,2B5CWJHWG3,HXAKAONK2
1P5OAP8O9Q,19SOCGRJBE,5CK4H19KG
1P9JND88K4,LPK4NJEXJ,186RIUAR6R
1PH4PZ4KO8,1QO6DRI4PV,21LWRDMWY3
1PHYQFS37T,2P4V41O0W1,SYHUM61GC
1PK3P6Q36W,12YG6TUTHQ,FUUPYQZDV
1PK3P6Q36W,1ZU4SRIBYP,1T285AYC99
1PK3P6Q36W,291K7WPJ21,11GGRCQCQE
1PK3P6Q36W,2PN6550BQO,2DH276P68S
1PNK3Z6GCL,2EQIAX4CBK,14EJB8E8FD
1PVHMOST1M,1QO6DRI4PV,26YX4V2QBG
1PVN6EGJPO,PQVOJ34IS,PFZJFHQ65
1PWT9LVMQZ,18CREL5RDE,1SSQ22RAU8
1PY6XSAUUD,2PN6550BQO,2DH276P68S
1Q69U1W5DP,21O576G5H3,9SQF1Z9D2
1Q69U1W5DP,PQVOJ34IS,1TQDDI84DN
1Q8T0ANB99,291K7WPJ21,NP9TLFCUE
1QDLVYD5YJ,1QO6DRI4PV,2N75HL38SW
1QGTHIH97O,102W5RGROM,10DTG0AEOW
1QJ0SRJ5GK,2O6E3WWEH,2AQ63YLOLT
1QLLU0WH8S,2FVWW3NRA9,1KL0IEK85I
1QNI77F68K,18CREL5RDE,25P4LBT26S
1QNI77F68K,2DRIUYX4MA,1SSQ22RAU8
1QSN3UMVC8,1B7LK5I5LS,W4B2556I3
1QTCMACDYZ,2AKCDGT1Y0,8WY4O2525
1QUYVC8QBK,25HVVU5H5O,22BN1QZCIP
1QV504I70A,2FZUKXLZP4,25GURG02D8
1QWETEC9SU,2DRIUYX4MA,Y53MGY5I4
1QWTM0LF4Y,1QO6DRI4PV,YZPOJKGQY
1QWUV6MDAI,1HJSVODTKX,Z97NI1UPO
1QY5ZWXL90,1CHOCYU9HT,1URCISUTFA
1QY5ZWXL90,OV66LJT5T,6FN1OQZIO
1R1SWSN80I,V6SPFLRWQ,1VJXS5VC6C
1R5OX6NGBL,18CREL5RDE,1OARACCA6X
1R5OX6NGBL,2O6E3WWEH,1CHZBWOLBW
1R6IEENGQ1,102W5RGROM,VSVPZEX9C
1R6IEENGQ1,11LIXX9DNI,QN3BNEX3J
1R6IEENGQ1,1QO6DRI4PV,1NQP0F26LS
1RCN4WD26A,CD76U7XEG,27WXG0P1AU
1RH91ZX3MQ,2EQIAX4CBK,QIGIBS9YO
1RIPM8KF5G,1QO6DRI4PV,1JSQNV2JDN
1RMV25AZ4M,42ZJIQBIE,1S7Z561MVJ
1RP9WR8ASJ,21O576G5H3,IG99L58AV
1RXEBD4IXM,1ZU4SRIBYP,V36NL2VFL
1RYV56HXHR,1QO6DRI4PV,B7U449FJA
1RYV56HXHR,7JU2J2Y19,1BFTHKLQRE
1RZM3KB8HC,1QO6DRI4PV,2AG90KGYCO
1S0KKPHTV9,1QO6DRI4PV,15K7I8HT5F
1S15S7VB85,1N3LZJ9L23,245I0I4Q3C
1S15S7VB85,2P4V41O0W1,1BDH15KEQC
1S15S7VB85,VTAU0YC8Y,8WY4O2525
1S5NMO6BAU,2LFMJHSGFQ,52T6TWQZY
1S5NMO6BAU,A1XD91RHO,1UT5DYPWL0
1S5NMO6BAU,OVZXBOVPQ,440QPX5YW
1S7Z561MVJ,2NCU4SKWK,2P49C91Z59
1S7Z561MVJ,42ZJIQBIE,101DWZ8JPV
1S7Z561MVJ,G3SWY48TK,101DWZ8JPV
1SA36KGK95,1B7LK5I5LS,2K6V6GTPMC
1SENITMHGJ,1B7LK5I5LS,LCO8SUTH2
1SHIGOAZA6,1LVVT3QON,9Q2QZOFNM
1SKH72L904,KITS4GUF3,6IVTMSEMH
1SKR5S9SLL,1QO6DRI4PV,2H0DBNTQ64
1SO18K709B,7JU2J2Y19,14MZLGKL6K
1SO80B8O8C,21O576G5H3,9SQF1Z9D2
1SO80B8O8C,2EQIAX4CBK,2ROFRGNAOY
1SOBPZXCMB,11LIXX9DNI,2R05A5R7GK
1SSAJTIJUW,PQVOJ34IS,251EK9A1BZ
1SSQ22RAU8,18CREL5RDE,2PPGEGDYJK
1SSQ22RAU8,2DRIUYX4MA,K74KQYRM4
1SSQ22RAU8,2O6E3WWEH,1AUT62N72F
1SUQNE8KFM,102W5RGROM,168KWNULB1
1SVD7T61RO,25HVVU5H5O,GJVGSV0GY
1SZBCVLRVW,1QO6DRI4PV,20541GBWFA
1SZE12G31O,203R6QQJVM,XMRV8XK3Y
1SZE12G31O,2H31BE7GH6,5EDHDDR6H
1T1GEB66Z7,1HYJXCXQFR,23UQK54X8A
1T285AYC99,1ZU4SRIBYP,104P25L8L4
1T8J9S4M46,1JIAKUDFWB,20J0N70ZU3
1TENR8JK29,2II970JDIR,1MMEDSTUVO
1TKLX8UC9K,2B5CWJHWG3,1ZJOFZ284R
1TKOCQAOGX,1B7LK5I5LS,2KES6A7ETX
1TNV5WDAQR,25HVVU5H5O,21O5LG8BDY
1TQDDI84DN,PQVOJ34IS,1EB70YYGXV
1TRNTXKZS9,2PN6550BQO,MMMNMUSPD
1TVX0IQBW7,1QO6DRI4PV,27TYRL6UMM
1TXK79XSVL,KITS4GUF3,1JSPOCBTPT
1U758EBRYD,JJF4YSX3I,1CK37Z7I4L
1U7KMGPS3B,1SAWTQDD78,2GVA9J72YV
1U82M5AWL6,1B7LK5I5LS,8XL09J1MV
1U82M5AWL6,2H31BE7GH6,2174T8ZQ1E
1U8PBRIGA9,K1U9M2PVF,1UETO5XKG
1UCV1FJLLV,2II970JDIR,1TENR8JK29
1UD96UHQ1T,2H31BE7GH6,9T3W6VBGK
1UDPZRCBB5,2AKCDGT1Y0,21CBIT1YBQ
1UETO5XKG,K1U9M2PVF,1U8PBRIGA9
1UGE25KTGB,1HYJXCXQFR,71M1ALQX5
1UGE25KTGB,21O94JLIMI,DV4LQ68KP
1UGE25KTGB,KZF2GFC0J,2ETLH9KQOZ
1UHIRPH23P,16YRCOA9BD,TT8LMTTU3
1UKDGKXKG0,21O576G5H3,JQNIXEP6E
1UKDGKXKG0,KITS4GUF3,1365LFPXBX
1UR97Z9N7Q,AXMCA31JJ,2FGW0F8EKT
1URCISUTFA,1B7LK5I5LS,TI0VYJPSF
1URCISUTFA,1CHOCYU9HT,2JOXO8PUFY
1UT5DYPWL0,2LFMJHSGFQ,I82BWWKR1
1UT5DYPWL0,A1XD91RHO,1C703P39TH
1UT5DYPWL0,OVZXBOVPQ,GPFJOJ78Y
1UXN1ZE7CL,2H31BE7GH6,IKLWMVQ3V
1UYH4TE0JG,7JU2J2Y19,155CNPE35N
1V03ZZ02QG,25HVVU5H5O,2HGWCSQSTK
1V27NQLRED,7JU2J2Y19,11FQEDSO8O
1V6B1FHQE6,1QO6DRI4PV,2M7XK35UBJ
1V6B1FHQE6,V6SPFLRWQ,1EHILG148E
1V6CZ3UZFV,2LFMJHSGFQ,1UT5DYPWL0
1V6CZ3UZFV,A1XD91RHO,3Y6EM3CLB
1V6CZ3UZFV,OVZXBOVPQ,2R7I4BA2HZ
1V8LEIHJ91,1JIAKUDFWB,PJNXAH4AO
1V8LEIHJ91,1N3LZJ9L23,245I0I4Q3C
1V8LEIHJ91,1SAWTQDD78,MQ1XI7E7E
1V8LEIHJ91,2I3W30HSW8,2GVA9J72YV
1VAZN2USR4,KZF2GFC0J,DV4LQ68KP
1VGY1K9MOK,2DRIUYX4MA,104P25L8L4
1VIXXQYQYU,1LVVT3QON,2OUG8L9APC
1VIXXQYQYU,2AKCDGT1Y0,21X2KH9SNO
1VJGF95CFC,1QO6DRI4PV,L7ISCW19B
1VJXS5VC6C,1QO6DRI4PV,MTZAKV12T
1VJXS5VC6C,V6SPFLRWQ,1V6B1FHQE6
1VMV2AWD35,1B7LK5I5LS,2NZG535IT9
1VP6E16G1V,1JIAKUDFWB,SYHUM61GC
1VP6E16G1V,1SAWTQDD78,1U7KMGPS3B
1VP6E16G1V,5YCF2JVJA,1ER27AALSJ
1VPJPVGUWM,11LIXX9DNI,LQD06P2YI
1VPNCMQE1Y,AXMCA31JJ,CMM333IAQ
1VQABR830W,2DRIUYX4MA,Y53MGY5I4
1VV9INMJLH,21O576G5H3,21VU3VHPJ1
1VV9INMJLH,PQVOJ34IS,267H5NZPXG
1VW46NSMXO,1B7LK5I5LS,2QSLVJPPRN
1VW46NSMXO,2H31BE7GH6,1UXN1ZE7CL
1VY51FYHKA,1B7LK5I5LS,W4B2556I3
1VY51FYHKA,1CHOCYU9HT,2G74U22DZ6
1VY51FYHKA,2H31BE7GH6,1L3J666D4B
1VYXT7YNX0,1B7LK5I5LS,24I30U8IAS
1W0RMOG6V,SQ1SGA4ZF,AVQGA20K2
1WCTY2U9AO,102W5RGROM,8YR0DOS6E
1WHUH1APLI,1B7LK5I5LS,LLKZG5CR5
1WJQVIRBLW,1B7LK5I5LS,HSY2XG0Z0
1WQW6X5MUC,KITS4GUF3,1ZKJNOEXYP
1WSP2BPQSL,7JU2J2Y19,TCZOURHYW
1WTSUUC2H6,25HVVU5H5O,WRYEMN6C7
1WTSUUC2H6,2O6E3WWEH,2AKXS3UKPY
1WTSUUC2H6,KITS4GUF3,1G70GSBHBN
1WUOLNGV2P,291K7WPJ21,A2XUX8JHW
1WVWBEYS3E,2HFQVB1VO7,20TB11C64K
1WW0QTZBLN,14CKWJL752,24MPME3A9B
1WW0QTZBLN,OV66LJT5T,60GPJTGGC
1WXS2697HZ,1UBKX43I12,7XA3QC0B0
1WYJBKW6NF,KZF2GFC0J,71M1ALQX5
1WZWVGIIV4,1QO6DRI4PV,TCZOURHYW
1X5NYS6SGA,21O576G5H3,1LM7V4JGCX
1X6QKPMF26,V54WRGTS4,1ZL40NQI0B
1X842Q12O4,2FVWW3NRA9,J8OCV54ZF
1X9JKRCUV,1QO6DRI4PV,2AG90KGYCO
1XADISBKEA,1TINQ6FVZO,8CU56UV99
1XILY8D5IM,2HFQVB1VO7,2R0CPBRYEI
1XIMAM9AS3,19U8NCGO3N,SDESX4G1F
1XIMAM9AS3,1JP23ZDV6R,DM8RVSZMV
1XIWH0FBQ0,2B5CWJHWG3,1FIHLFUJYW
1XIWH0FBQ0,2EQIAX4CBK,5LHNO80VC
1XIWH0FBQ0,KITS4GUF3,PRELX0XSZ
1XNGRES1T5,1JP23ZDV6R,BAVWXN2WM
1XO8OG0EAH,42ZJIQBIE,SJ5E7LY4C
1XRN2I6XUA,291K7WPJ21,2FEENYY6HQ
1XS5H2ATRT,MCV5ISFAE,1KCUESOSEH
1XTJQF03F,1QO6DRI4PV,P81YMQQ5Q
1XTSFS9CP0,7JU2J2Y19,2KR1ACID27
1XTTG0QX8N,V6SPFLRWQ,RI55FR1LE
1XZ4KR4OX3,2O6E3WWEH,E9MNFC4IE
1XZVYS7B8E,21O576G5H3,FMI75ODX4
1Y97K0MLKE,2CJUOVYZPX,1O0835VBNM
1Y9CW80NT0,2FVWW3NRA9,28ZVV1RNBC
1Y9CW80NT0,2II970JDIR,168KWNULB1
1YDHBOF174,V6SPFLRWQ,1DWVHZRQVY
1YFLXKM8AJ,1QO6DRI4PV,BSS3B809P
1YFWJWNYO,1CRN82227G,2OT52MXW3V
1YFWJWNYO,2DRIUYX4MA,1QNI77F68K
1YNJDW1CLP,75X9G60NB,21D45AATTO
1YSIMG3M3A,21O576G5H3,FTB0WM9F9
1YSIMG3M3A,KITS4GUF3,2A34P797UJ
1YYD6VJ45Y,10F4ODI8D5,2OEXCXVFXB
1Z0FOBKQ2I,21O576G5H3,141D08LCXV
1Z0SXI09G4,21O576G5H3,JXXPX0O5L
1Z1E3A0FLH,75X9G60NB,108S5YTIHT
1Z1HO42B8E,291K7WPJ21,24C95IDYET
1Z2BFXKBRY,21O576G5H3,M52PXO1QK
1Z2Q1X01AB,2CJUOVYZPX,26E7SPWLP1
1Z2S5ZCKRY,1QO6DRI4PV,1CYNJOTUHI
1Z2S5ZCKRY,2FVWW3NRA9,P81YMQQ5Q
1Z54GWXS09,11LIXX9DNI,1R6IEENGQ1
1Z54GWXS09,25HVVU5H5O,9Z63IQ6IK
1Z58WLLVI8,E3GBHOT17,D5ZGN3LVN
1Z6Z5QDR0B,25HVVU5H5O,29XZX7V4NT
1Z7F0BR24E,1S4ZTRAFB7,1D53WDGFCL
1ZAT62F4AA,CD76U7XEG,1F33JU5S79
1ZDLK7PPAY,102W5RGROM,1BO3IOR6A3
1ZG31WA0KR,7JU2J2Y19,1V27NQLRED
1ZJOFZ284R,2B5CWJHWG3,193WBYU3HT
1ZKJNOEXYP,21O576G5H3,1J2HHWYFIM
1ZKJNOEXYP,KITS4GUF3,1CWW9H8LVT
1ZL40NQI0B,JJF4YSX3I,2ESAAJI54M
1ZL40NQI0B,V54WRGTS4,1CK37Z7I4L
1ZM87KDPFC,1CRN82227G,DMIYVNY0F
1ZTW02OLX1,2EQIAX4CBK,13XM6Z20T3
1ZWHZZOTDZ,21O576G5H3,1JSPOCBTPT
1ZWHZZOTDZ,KITS4GUF3,PNPWYLAP6
1ZX07X83LX,1JP23ZDV6R,16JNMIQIFU
1ZX07X83LX,1MOJEXDKSA,DM8RVSZMV
201D1DVX6K,1CHOCYU9HT,TI0VYJPSF
201D1DVX6K,1TINQ6FVZO,607COXGB6
201D1DVX6K,203R6QQJVM,2KWHQP1IU3
201D1DVX6K,2H31BE7GH6,1CWCF2FCF9
201D1DVX6K,CD76U7XEG,2GPI6SQYQK
201D1DVX6K,OV66LJT5T,6FN1OQZIO
203GELHE4S,21O576G5H3,1LN99NOE3K
203RL44B4E,19SOCGRJBE,11EMX3I8TK
203RL44B4E,6DB8TTW80,1KTN2C3UO1
203RL44B4E,9C7HG1GDJ,X5U2VDQ6M
203RL44B4E,E3GBHOT17,DELOGYMJ5
203RL44B4E,YB92RT456,237OAHK7BT
20541GBWFA,1QO6DRI4PV,M8MY3E42Q
206U42VAYP,2O6E3WWEH,10ZA4TRIO7
207A4N5L2Z,KITS4GUF3,1OYLB0EAVV
209TUEGYUI,CD76U7XEG,VH4CAF8RN
20AS6ND8IE,KITS4GUF3,2L0BQKXP8W
20AUTNOA8R,OV66LJT5T,1BD67G26TX
20ITMAGJD4,291K7WPJ21,24C95IDYET
20J0N70ZU3,1JIAKUDFWB,1T8J9S4M46
20M9R4PWB8,PQVOJ34IS,K7C2H8FK1
20TB11C64K,2HFQVB1VO7,OEQRY050
20TB11C64K,2LF8RVGZ5G,NPDL637X2
20TB11C64K,2NCU4SKWK,24YA5GFJ22
20TB11C64K,75X9G60NB,2LGBL6NP15
20UUYT6YTD,2NCU4SKWK,24YA5GFJ22
20UUYT6YTD,42ZJIQBIE,1APD9EZYFD
20UUYT6YTD,G3SWY48TK,260NQSV7BH
211PXVTWNE,25HVVU5H5O,ZRDQ0V72X
214MPJLSTT,KITS4GUF3,M52PXO1QK
21547IX0E5,1LVVT3QON,14WY6AX3ML
215TS4M8A0,1HYJXCXQFR,1UGE25KTGB
215TS4M8A0,AXMCA31JJ,23UQK54X8A
215UBMR8OJ,2EQIAX4CBK,16J3UIZZ5G
216ICPVAZR,2LF8RVGZ5G,18Y46RO51V
216ICPVAZR,42ZJIQBIE,260NQSV7BH
216ICPVAZR,75X9G60NB,1ABQF6LSD3
2174T8ZQ1E,203R6QQJVM,19DE1F008N
2174T8ZQ1E,2H31BE7GH6,5PIVOLMDR
218O47RSZ4,14CKWJL752,1WW0QTZBLN
218O47RSZ4,1B7LK5I5LS,1C8R9D57VD
21CBIT1YBQ,2AKCDGT1Y0,1QTCMACDYZ
21D45AATTO,75X9G60NB,RQ8KAY7Y5
21FJPXL8Z0,1QO6DRI4PV,HNG2E1FB3
21LSH6M7GF,1QO6DRI4PV,G3UUPBKUD
21LWRDMWY3,1QO6DRI4PV,2AV3MANH42
21M33X0CXG,102W5RGROM,13OS0C8ACC
21M33X0CXG,1M5CIOUVYX,1J92UKF196
21M33X0CXG,7JU2J2Y19,TCZOURHYW
21O5LG8BDY,25HVVU5H5O,NW1PATK44
21TBCS59K2,2N72V5YYH2,9Q2QZOFNM
21VU3VHPJ1,21O576G5H3,203GELHE4S
21X2KH9SNO,1RB53QXO8E,13N0I7GETX
21X2KH9SNO,2AKCDGT1Y0,13N0I7GETX
21ZEBF54JE,1CRN82227G,10MYDMD11U
21ZEBF54JE,MCV5ISFAE,2HGWCSQSTK
2270Q58KS1,12YG6TUTHQ,FJB4GJ7TH
2270Q58KS1,MCV5ISFAE,1XS5H2ATRT
22769VM1J3,1QO6DRI4PV,1R6IEENGQ1
22769VM1J3,2II970JDIR,19LA85BK22
22769VM1J3,7JU2J2Y19,K3QSONPR9
22769VM1J3,V6SPFLRWQ,2M7XK35UBJ
22BN1QZCIP,25HVVU5H5O,IAEBB1WIS
22D5P1AT2L,1ZE80P5LN1,2J6DPOBHWF
22DXBDIMWD,2CJUOVYZPX,2QFM2KLILZ
22I5FDKXV8,1ZU4SRIBYP,13P8GKICCV
22JDI8I4GQ,2P4V41O0W1,245I0I4Q3C
22MYCNNUDX,YB92RT456,203RL44B4E
22OMCWGZS1,2PN6550BQO,2FOCCN4K0Q
22OQR4VAEC,1JP23ZDV6R,15302OP8K
22OQUPVSG3,1QO6DRI4PV,1EHILG148E
22OU8LS7VJ,LPK4NJEXJ,1BQGFHRUD4
22R65HG0BM,1TINQ6FVZO,8CU56UV99
22R65HG0BM,9C7HG1GDJ,1L3J666D4B
22SKE4S8R7,21O576G5H3,1OT234G4YF
22WN4XJR0H,DNX38TW4T,X9L69UEKO
231EJF937Y,2EQIAX4CBK,5LHNO80VC
231EJF937Y,KITS4GUF3,4T3S756HY
231EJF937Y,PQVOJ34IS,29H2Q7Y116
232T7G5J09,1QO6DRI4PV,2P2DSGL79E
233JDBRDZL,1S4ZTRAFB7,XGRH5FSGL
237OAHK7BT,9C7HG1GDJ,X5U2VDQ6M
237OAHK7BT,E3GBHOT17,D5ZGN3LVN
237OAHK7BT,YB92RT456,22MYCNNUDX
238BDDRY5I,1HYJXCXQFR,1UGE25KTGB
238BDDRY5I,AXMCA31JJ,1DGS5B5EJD
238BDDRY5I,KZF2GFC0J,71M1ALQX5
23B1ZENAZU,203R6QQJVM,201D1DVX6K
23CT6OANNR,2B5CWJHWG3,1P52V4BUSE
23IKPQOXN4,1DPXTDK922,1JUQH72E81
23IKPQOXN4,1ZONBOBIVH,1JUQH72E81
23IKPQOXN4,V54WRGTS4,2FN0AJW5B8
23KLCOPP9T,2EQIAX4CBK,2JHPUTHG6I
23NIU6GR0E,1HJSVODTKX,IJ5BZMK47
23O22Q0S5F,102W5RGROM,28WIJWDVTS
23P8KYP6FN,18CREL5RDE,2L4K25AEBT
23QNP79RJB,1HJSVODTKX,I24RQ48I0
23QNP79RJB,1M5CIOUVYX,1J92UKF196
23TIOZZOWZ,CD76U7XEG,1L3J666D4B
23UQK54X8A,1HYJXCXQFR,215TS4M8A0
23UQK54X8A,AXMCA31JJ,146VJUI13V
23XFFCBEQA,9C7HG1GDJ,237OAHK7BT
245I0I4Q3C,1N3LZJ9L23,SYHUM61GC
245I0I4Q3C,2P4V41O0W1,12XOOW0DUL
245I0I4Q3C,VTAU0YC8Y,SYHUM61GC
245KOT8NTS,AXMCA31JJ,2FEM3FYLM3
245KOT8NTS,KZF2GFC0J,2FGW0F8EKT
24ABTDPW2A,19SOCGRJBE,1I4UWHQXB4
24ABTDPW2A,6DB8TTW80,1I4UWHQXB4
24AY2ZWKDN,1B7LK5I5LS,2NKXUUAOA9
24AY2ZWKDN,1CHOCYU9HT,5EDHDDR6H
24AY2ZWKDN,203R6QQJVM,2KES6A7ETX
24AY2ZWKDN,2H31BE7GH6,LYF0V2KN3
24AY2ZWKDN,OV66LJT5T,2KES6A7ETX
24C95IDYET,12YG6TUTHQ,T7650AV2G
24C95IDYET,291K7WPJ21,4XEADGDUO
24GIIUBOR7,1CRN82227G,28KKN37EPA
24I30U8IAS,1B7LK5I5LS,LYF0V2KN3
24I30U8IAS,1CHOCYU9HT,2NLOMJAQTP
24I30U8IAS,2H31BE7GH6,1HEQK8C8H
24JZWPS7NI,1ZU4SRIBYP,10KDAXFBPY
24JZWPS7NI,25HVVU5H5O,18AEZQXCV3
24JZWPS7NI,2PN6550BQO,K1H0TT01T
24JZWPS7NI,MCV5ISFAE,DFAR96TMV
24MPME3A9B,14CKWJL752,TI0VYJPSF
24MPME3A9B,1B7LK5I5LS,2NLOMJAQTP
24NIFS0527,1QO6DRI4PV,RBKOHEPEG
24PSUGZ5SW,21O576G5H3,1KBOR7RKGV
24PSUGZ5SW,2EQIAX4CBK,1SO80B8O8C
24RR6NSNN5,25HVVU5H5O,18AEZQXCV3
24SEMIEGQZ,PQVOJ34IS,1365LFPXBX
24T6CHMT13,AXMCA31JJ,23UQK54X8A
24UB45AIW8,2EQIAX4CBK,1O57WFM8KM
24V84VZXEH,YB92RT456,1D53WDGFCL
24VP1343ZQ,1B7LK5I5LS,1U82M5AWL6
24VP1343ZQ,1CHOCYU9HT,XMRV8XK3Y
24VP1343ZQ,203R6QQJVM,ODBH3RSGB
24VP1343ZQ,2H31BE7GH6,1IVD6Q7VJM
24XQ44L6Z0,75X9G60NB,1Z1E3A0FLH
24YA5GFJ22,2HFQVB1VO7,29PJ8EBQDP
24YA5GFJ22,2LF8RVGZ5G,216ICPVAZR
24YA5GFJ22,2NCU4SKWK,VCVE2R9R1
24YA5GFJ22,X4VVKN4LL,29PJ8EBQDP
251EK9A1BZ,21O576G5H3,XWRYQ8B5P
251EK9A1BZ,2EQIAX4CBK,5LHNO80VC
251EK9A1BZ,PQVOJ34IS,1JSPOCBTPT
256PDG96O5,42ZJIQBIE,B52AYO8IO
256PDG96O5,75X9G60NB,20TB11C64K
258BWI70QN,21O576G5H3,1INK9HQKS3
258BWI70QN,PQVOJ34IS,1SSAJTIJUW
25DNGLDB9W,21O576G5H3,203GELHE4S
25GURG02D8,2FZUKXLZP4,1QV504I70A
25GURG02D8,WOHSJ4AS5,Q4IHVBCD2
25MW60B77S,21O576G5H3,FTB0WM9F9
25P4LBT26S,18CREL5RDE,1BUX64XSRB
25TJ3NGJH9,1QO6DRI4PV,1JSQNV2JDN
25UJ8QAS1F,1UBKX43I12,2IHBDKCXES
25XERE6NKG,102W5RGROM,21M33X0CXG
25XERE6NKG,1HJSVODTKX,1QWUV6MDAI
260NQSV7BH,42ZJIQBIE,2N8G064T0L
260NQSV7BH,G3SWY48TK,2P49C91Z59
263WFFST7N,1QO6DRI4PV,SUCAALM1V
263WFFST7N,7JU2J2Y19,2KR1ACID27
267H5NZPXG,21O576G5H3,1XZVYS7B8E
267H5NZPXG,KITS4GUF3,2A23J5D5H0
267H5NZPXG,PQVOJ34IS,24SEMIEGQZ
2697FPHR6A,1QO6DRI4PV,26YX4V2QBG
269DUDM3HO,75X9G60NB,165MK4MEK7
26DR776UR,1QO6DRI4PV,2ENDYRM9PA
26E7SPWLP1,2AUCRW14PQ,2P8CB1KPNV
26E7SPWLP1,2CJUOVYZPX,7ZTQA56FO
26E7SPWLP1,DNX38TW4T,1DYK0A3F9I
26E7SPWLP1,Z0IH3IENY,WFR5LMEBG
26EY08RC7L,1QO6DRI4PV,7KSBCVA0M
26EY08RC7L,V6SPFLRWQ,2GIJBOI8YS
26JIUH83UR,1ZU4SRIBYP,2JK3DLZKY9
26JIUH83UR,291K7WPJ21,NP9TLFCUE
26Q0WGMAEO,1ZU4SRIBYP,2JZPWEZ6K2
26Q0WGMAEO,25HVVU5H5O,21O5LG8BDY
26Q0WGMAEO,2PN6550BQO,15O7QP08VU
26X5NX3PVG,1QO6DRI4PV,27TYRL6UMM
26YX4V2QBG,1QO6DRI4PV,1JXZ7I7SX
272L3KJ9BR,1QO6DRI4PV,K3QSONPR9
27CS8ZCS0K,2O6E3WWEH,1CHZBWOLBW
27EUM6XFZO,102W5RGROM,2H695PJ1EA
27EUM6XFZO,2II970JDIR,22769VM1J3
27G1TLG0UH,B0NEZLXO0,1CRVN37JO3
27ND8241K6,1QO6DRI4PV,YWJ30GDW3
27NFNPMTF3,CD76U7XEG,XUIHJQ2A0
27PM7D0JDE,11LIXX9DNI,QN3BNEX3J
27PN5HQE83,21O576G5H3,1KBOR7RKGV
27QGB0TTYF,1SAWTQDD78,1VP6E16G1V
27QGB0TTYF,5YCF2JVJA,1ER27AALSJ
27S9UWQARY,1CRN82227G,28KKN37EPA
27TYRL6UMM,1QO6DRI4PV,8Z0HCOXSO
27WXG0P1AU,CD76U7XEG,159D7LBL8I
27XDLG737H,1RB53QXO8E,8WY4O2525
27YOLDD59E,18CREL5RDE,HIP9F0KNV
27YOLDD59E,1CRN82227G,2OT52MXW3V
281WFJ79LV,2CJUOVYZPX,2AVMTBNWAO
2824R99F0R,1KM3EXIV24,2JUKHO24WR
2824R99F0R,YNO6IYJ38,2PPQD9VKN6
283TVK5BLO,2O6E3WWEH,2DK2EEKWF7
283VYHPN74,1HYJXCXQFR,1A8NFWNSG9
285E8X1DVR,1MOJEXDKSA,SWFCEELA4
2891OI563N,2AUCRW14PQ,GK87D0NIC
2891OI563N,2CJUOVYZPX,2E7F99LFT1
2891OI563N,DNX38TW4T,2P8CB1KPNV
2891OI563N,Z0IH3IENY,1OFBBMV6DO
28AY9DY6G,21O576G5H3,IPDQQ66E1
28C4RBEA8F,2EQIAX4CBK,1CWW9H8LVT
28KKN37EPA,1CRN82227G,1JLOJDXGLT
28KKN37EPA,2DRIUYX4MA,7XA3QC0B0
28OO996HMZ,KZF2GFC0J,2FGW0F8EKT
28WIJWDVTS,102W5RGROM,1ENXKMQXGV
28ZVV1RNBC,1QO6DRI4PV,P81YMQQ5Q
28ZVV1RNBC,2FVWW3NRA9,1QLLU0WH8S
2904QPXYMD,25HVVU5H5O,2IA7RLMXUC
295BY67YLT,1B7LK5I5LS,NE3VTJV4K
296FULGUHG,2PFDITEA98,2NXTQ5EWB3
297TWHKS37,JJF4YSX3I,2ESAAJI54M
29GM3BG5J5,FH0LL5EWZ,2R1ZIWHPDT
29H2Q7Y116,18CREL5RDE,23P8KYP6FN
29H2Q7Y116,1CRN82227G,1YFWJWNYO
29H2Q7Y116,PQVOJ34IS,893R94NA1
29H4RAY68O,2EQIAX4CBK,1B0JIXRRKS
29KXLJEA0Q,291K7WPJ21,1PK3P6Q36W
29NS413ROS,18CREL5RDE,2BNRK5KZS1
29NS413ROS,2O6E3WWEH,18ULWTQQAM
29PJ8EBQDP,2HFQVB1VO7,24YA5GFJ22
29PJ8EBQDP,2LF8RVGZ5G,216ICPVAZR
29PJ8EBQDP,2NCU4SKWK,2P49C91Z59
29PJ8EBQDP,X4VVKN4LL,24YA5GFJ22
29SC8DNZTP,203R6QQJVM,2KWHQP1IU3
29XZX7V4NT,25HVVU5H5O,13GNGDTYE6
29ZDC30Q5F,25HVVU5H5O,2F83OXCIQF
2A1H1GA1A4,1ZE80P5LN1,186RIUAR6R
2A1H1GA1A4,JJF4YSX3I,186RIUAR6R
2A1H1GA1A4,LPK4NJEXJ,186RIUAR6R
2A1H1GA1A4,V54WRGTS4,1CK37Z7I4L
2A1ZY7GNMX,1QO6DRI4PV,1CYNJOTUHI
2A23J5D5H0,KITS4GUF3,151F6FKOCL
2A34P797UJ,KITS4GUF3,267H5NZPXG
2A6KA2QIGB,2EQIAX4CBK,MQFVPKOLD
2ABYB3LIW5,1QO6DRI4PV,21LSH6M7GF
2AEMVVDOMB,2AKCDGT1Y0,2OOEMNJ9YA
2AF4S37LOT,1CRN82227G,4BZBAMVGZ
2AG90KGYCO,1QO6DRI4PV,1WZWVGIIV4
2AIM3O3E5U,CD76U7XEG,KEZXO6QAN
2AKXS3UKPY,2O6E3WWEH,1BUX64XSRB
2AMGMGWP4G,203R6QQJVM,TV0Q4G8QU
2ANPJQE6G5,MCV5ISFAE,DFAR96TMV
2APJHGMSHY,V6SPFLRWQ,1BRQ4XCF7R
2AQ63YLOLT,1CRN82227G,MB1SASAGP
2AQ63YLOLT,2DRIUYX4MA,1SSQ22RAU8
2AQ63YLOLT,2O6E3WWEH,1BUX64XSRB
2ASM2B6F5F,1QO6DRI4PV,1WZWVGIIV4
2AURPCKSAK,V54WRGTS4,6FBH59LD2
2AV3MANH42,1QO6DRI4PV,2LSVKFRVRD
2AVMTBNWAO,2CJUOVYZPX,2GYK1Q0G9Y
2AXP8UCDQB,21O576G5H3,CWZVD727T
2AXP8UCDQB,KITS4GUF3,1G70GSBHBN
2AYCU9SXT0,2EQIAX4CBK,VTEQKZ6O7
2AYCU9SXT0,PQVOJ34IS,QIGIBS9YO
2B4YXJ4K8U,2DRIUYX4MA,1VQABR830W
2B6JUZXCP7,1QO6DRI4PV,13OS0C8ACC
2B8JGWV0AJ,1ZU4SRIBYP,10KDAXFBPY
2B8JGWV0AJ,MCV5ISFAE,2DH276P68S
2BC1Y7TK45,16CCYUUCDV,13N0I7GETX
2BC1Y7TK45,2AKCDGT1Y0,9Q2QZOFNM
2BC37Q18DE,25HVVU5H5O,18AEZQXCV3
2BC7DGE1PC,2HRUZ6T51M,S4N1YZCQO
2BCG7MLU7Q,1QO6DRI4PV,1MBGA64B2S
2BF4Y8I6S3,1B7LK5I5LS,LCO8SUTH2
2BJ3DRXV03,25HVVU5H5O,ASRUQ2RQ8
2BNRK5KZS1,18CREL5RDE,GH5PQP4V5
2BNRK5KZS1,2O6E3WWEH,DMIYVNY0F
2BO6866T12,18CREL5RDE,NA1O3YM86
2BO6866T12,2O6E3WWEH,2Q3Y80P80A
2BQLO8PJ1X,291K7WPJ21,1J2SA4HH64
2BQS3R6PFF,1ZU4SRIBYP,1RXEBD4IXM
2BS6SV1JLM,2EQIAX4CBK,VTEQKZ6O7
2BVPS2GK4K,LPK4NJEXJ,1MA5TKAAK3
2BX0D2BF95,11LIXX9DNI,LQD06P2YI
2BX0D2BF95,25HVVU5H5O,3IVB6MY0V
2BX0D2BF95,291K7WPJ21,BG8UGK1FT
2BX0D2BF95,2PN6550BQO,15QW02ZKQP
2BX0D2BF95,MCV5ISFAE,1LNS7Z537M
2C46CP75CT,1CRN82227G,27S9UWQARY
2C46CP75CT,21O576G5H3,1RP9WR8ASJ
2C51R2TB2M,2FVWW3NRA9,J8OCV54ZF
2C6QM5Y6HP,291K7WPJ21,1LNS7Z537M
2CBOB9LBRP,1ZU4SRIBYP,13P8GKICCV
2CC531MM66,19U8NCGO3N,1M6QPX9MCM
2CC531MM66,1JP23ZDV6R,9S9IIQFQ
2CC531MM66,1KM3EXIV24,1AH3HA11V1
2CC531MM66,1MOJEXDKSA,17ES4OY99
2CC531MM66,YNO6IYJ38,YYKMRCK0M
2CD40LHS9G,7JU2J2Y19,21M33X0CXG
2CD40LHS9G,V6SPFLRWQ,PBEQYFQ01
2CF9E77DBU,1QO6DRI4PV,HNG2E1FB3
2CF9E77DBU,V6SPFLRWQ,TR0G6MHP1
2CHMO0F8KU,21O576G5H3,203GELHE4S
2CJILWUO52,2PN6550BQO,1HE74LFR26
2CKXCWGPVW,1CRN82227G,4BZBAMVGZ
2CLF37EE27,1MOJEXDKSA,285E8X1DVR
2CLF37EE27,YNO6IYJ38,2824R99F0R
2CMK02YPB8,2EQIAX4CBK,1JSPOCBTPT
2COJJEGPDC,1JP23ZDV6R,DM8RVSZMV
2CPJS1872C,2DRIUYX4MA,1VQABR830W
2CPO8VIZN,19SOCGRJBE,1P5OAP8O9Q
2CS1JF07NO,2O6E3WWEH,1BUX64XSRB
2CTU5AZFI5,1QO6DRI4PV,2HFGGS55QS
2CTW2X83US,18CREL5RDE,16ZBYE6BYP
2D4EMLY785,1CHOCYU9HT,1IVD6Q7VJM
2D4EMLY785,OV66LJT5T,20AUTNOA8R
2D5IURBQGH,2CJUOVYZPX,78J151PGQ
2D7QAC96EL,19SOCGRJBE,1D53WDGFCL
2D8OLYZ8V4,1LVVT3QON,21547IX0E5
2D8OLYZ8V4,2N72V5YYH2,1C3Z5IT0HA
2DG3MU7HO4,PQVOJ34IS,20M9R4PWB8
2DH276P68S,2PN6550BQO,1PY6XSAUUD
2DH276P68S,MCV5ISFAE,11GGRCQCQE
2DK2EEKWF7,1CRN82227G,2AQ63YLOLT
2DK2EEKWF7,1ZU4SRIBYP,1O4DSU4LAP
2DK2EEKWF7,2DRIUYX4MA,KZHOV11DF
2DK2EEKWF7,2HRUZ6T51M,S4N1YZCQO
2DK2EEKWF7,2O6E3WWEH,T6WUBQVP8
2DPQ4PTU1W,1CRN82227G,29H2Q7Y116
2DPQ4PTU1W,2DRIUYX4MA,1M9DRS44NX
2DR49CUXL4,KITS4GUF3,EC352SF3D
2DRIOIYVBW,18CREL5RDE,D946C3EV9
2DT1ZV4M1J,1HJSVODTKX,WPT20YNX2
2DT1ZV4M1J,1ZU4SRIBYP,15QW02ZKQP
2DUV9BYFHA,1CRN82227G,1MZUBDU2E8
2DZOGSAFRR,1SAWTQDD78,2M5C7L8TMT
2E137NO140,1MOJEXDKSA,TAS4HV137
2E7F99LFT1,2CJUOVYZPX,1K5CTX9QBD
2EDIRU085N,18CREL5RDE,29H2Q7Y116
2EDIRU085N,2DRIUYX4MA,1SSQ22RAU8
2EHI4H6A24,1CRN82227G,2AF4S37LOT
2EJ2XTC6BT,18CREL5RDE,7LG9Z7XLC
2EKVL5RDI4,2AUCRW14PQ,1OFBBMV6DO
2EKVL5RDI4,2CJUOVYZPX,1O0835VBNM
2EKVL5RDI4,DNX38TW4T,2891OI563N
2EKVL5RDI4,Z0IH3IENY,2891OI563N
2ENDYRM9PA,1QO6DRI4PV,22769VM1J3
2EQZTO3SHM,25HVVU5H5O,7PTX2V2HC
2ERYLP3LEE,1QO6DRI4PV,3D3C2YP2K
2ERYLP3LEE,25HVVU5H5O,13GNGDTYE6
2ERYLP3LEE,2FVWW3NRA9,13OS0C8ACC
2ERYLP3LEE,7JU2J2Y19,1WSP2BPQSL
2ERYLP3LEE,V6SPFLRWQ,ZUBG8M8U
2ESAAJI54M,JJF4YSX3I,5JQ3T3OWP
2ETLH9KQOZ,KZF2GFC0J,238BDDRY5I
2EZAXEOYKR,1QO6DRI4PV,2L3I1UE5OU
2F1HHNOA80,28C2XKURQ5,1L3J666D4B
2F1HHNOA80,CD76U7XEG,XUIHJQ2A0
2F1QLINVI8,B0NEZLXO0,1CRVN37JO3
2F83OXCIQF,25HVVU5H5O,1GZJAVE81W
2F83OXCIQF,2PN6550BQO,2FOCCN4K0Q
2FD2AEYK1V,E3GBHOT17,237OAHK7BT
2FEENYY6HQ,291K7WPJ21,104P25L8L4
2FEM3FYLM3,AXMCA31JJ,245KOT8NTS
2FF7LSZ6FR,1QO6DRI4PV,2ENDYRM9PA
2FFMOBDLZY,PQVOJ34IS,1VV9INMJLH
2FGW0F8EKT,AXMCA31JJ,24T6CHMT13
2FGW0F8EKT,KZF2GFC0J,28OO996HMZ
2FH8SVGOBP,15WQ99RBL9,1CP8KV5C4Q
2FKT944DU6,1HYJXCXQFR,1MF4YYB4CI
2FKT944DU6,AXMCA31JJ,1VPNCMQE1Y
2FL5D28LY6,1QO6DRI4PV,2EZAXEOYKR
2FM1RJKIOE,18O3VWAQYJ,EBSZ2ZTLI
2FN0AJW5B8,1ZONBOBIVH,GRS8GCY6
2FN0AJW5B8,V54WRGTS4,5JQ3T3OWP
2FOCCN4K0Q,2PN6550BQO,NW1PATK44
2FPD940DT7,18CREL5RDE,OXSPG6UY6
2FPD940DT7,2J2RMWVC09,1E35V06UZM
2FSAIJY434,1DPXTDK922,1NB0LN6022
2FSDTPR7A5,1QO6DRI4PV,2KR1ACID27
2FSWIRP758,2EQIAX4CBK,54YKVMBSV
2FWBQ95O49,2EQIAX4CBK,2RM6WJCMWD
2FXH5SRL7R,1ZGT9CJLLI,G70V4BCLS
2FXH5SRL7R,SQ1SGA4ZF,1W0RMOG6V
2FYPR926VI,21O576G5H3,22SKE4S8R7
2G74U22DZ6,1B7LK5I5LS,6KQW169VF
2G74U22DZ6,1CHOCYU9HT,16B7GHD4B
2G74U22DZ6,203R6QQJVM,19P4LAW1YT
2G74U22DZ6,2H31BE7GH6,LYF0V2KN3
2G7PB1QHQ1,18CREL5RDE,29H2Q7Y116
2G7PB1QHQ1,2O6E3WWEH,2DK2EEKWF7
2GD3P40IKB,1I940PIPRE,JL4MWLT36
2GD3P40IKB,K1U9M2PVF,19ZYWAXJS8
2GDST7IAO7,1HJSVODTKX,1EXNNJ2Q3M
2GH4BQVX7J,1QCX0AAXMA,16I2EUD1DO
2GIJBOI8YS,V6SPFLRWQ,1A4H1SNAEY
2GJJ5K9ODX,102W5RGROM,GEVQAY722
2GNHSXPYIR,1B7LK5I5LS,11SJ121W2S
2GNHSXPYIR,2H31BE7GH6,1C8R9D57VD
2GO0FUQR10,1ZGT9CJLLI,G70V4BCLS
2GOUW2XGVB,MCV5ISFAE,O12LA6JHY
2GPI6SQYQK,CD76U7XEG,4R7DWWCTY
2GSD6UPSD8,21O576G5H3,141D08LCXV
2GSD6UPSD8,PQVOJ34IS,14EJB8E8FD
2GVA9J72YV,1JIAKUDFWB,ZXK4INTOW
2GVA9J72YV,1N3LZJ9L23,MQ1XI7E7E
2GVA9J72YV,1SAWTQDD78,1V8LEIHJ91
2GVA9J72YV,2I3W30HSW8,MI84BBCIA
2GYK1Q0G9Y,2AUCRW14PQ,1OFBBMV6DO
2GYK1Q0G9Y,2CJUOVYZPX,2D5IURBQGH
2GYK1Q0G9Y,DNX38TW4T,GK87D0NIC
2GZKTKRIL6,11LIXX9DNI,1VPJPVGUWM
2GZKTKRIL6,MCV5ISFAE,H57CXMIGL
2GZZK0ZJM2,25HVVU5H5O,ZRDQ0V72X
2H09KH1RQ6,1N3LZJ9L23,SYHUM61GC
2H0DBNTQ64,1QO6DRI4PV,2BCG7MLU7Q
2H25SJ3JV7,2EQIAX4CBK,1PNK3Z6GCL
2H695PJ1EA,102W5RGROM,168KWNULB1
2H7Z0HEZH8,9C7HG1GDJ,P97D50HMR
2HBWOUT2JG,1QO6DRI4PV,13OS0C8ACC
2HELL3TKKH,75X9G60NB,1OB03TYN5R
2HFGGS55QS,1QO6DRI4PV,3MQQ2XHQL
2HGWCSQSTK,25HVVU5H5O,24JZWPS7NI
2HGWCSQSTK,MCV5ISFAE,DFAR96TMV
2HJ9R5U37X,1QO6DRI4PV,2CTU5AZFI5
2HKLWYS2JS,1CRN82227G,101RQV99VA
2HMCG2MTI7,KITS4GUF3,17NTUY3OPA
2HMCG2MTI7,PQVOJ34IS,1CJ1SPXI4U
2HQNZODD6Q,291K7WPJ21,1J2SA4HH64
2HRG6HJOZW,21O576G5H3,267H5NZPXG
2HRG6HJOZW,PQVOJ34IS,1TQDDI84DN
2HU1EPXFAV,2O6E3WWEH,2AKXS3UKPY
2HU6X9G3AI,2O6E3WWEH,V6FPBK29L
2I6VGR3ANI,1JIAKUDFWB,TZMOMXCU7
2I7FMNF197,7JU2J2Y19,2KR1ACID27
2IA7RLMXUC,25HVVU5H5O,2HGWCSQSTK
2IELPVMUQ2,1CHOCYU9HT,1URCISUTFA
2IHBDKCXES,18CREL5RDE,1BUX64XSRB
2IHBDKCXES,1CRN82227G,11B6ZSG68I
2IHBDKCXES,1UBKX43I12,1WXS2697HZ
2IHBDKCXES,2O6E3WWEH,17PZ43A349
2IHT8NIZBT,203R6QQJVM,24AY2ZWKDN
2IL20XRON8,CD76U7XEG,19FESIKMXV
2ILMIXTAIO,1QO6DRI4PV,AK10PG18X
2INJAU7Y42,1QO6DRI4PV,3FVFJUAZE
2ISK51ZCPZ,1B7LK5I5LS,LYF0V2KN3
2ISK51ZCPZ,2H31BE7GH6,24I30U8IAS
2IUDBVVB65,FH0LL5EWZ,2R1ZIWHPDT
2IZYUPMRSY,2DRIUYX4MA,1MZUBDU2E8
2J6DPOBHWF,1ZE80P5LN1,2A1H1GA1A4
2J6DPOBHWF,JJF4YSX3I,2A1H1GA1A4
2J6DPOBHWF,LPK4NJEXJ,2A1H1GA1A4
2J6DPOBHWF,V54WRGTS4,2A1H1GA1A4
2J9VSPXJ1N,CD76U7XEG,201D1DVX6K
2JA9WI70PT,2II970JDIR,1MMEDSTUVO
2JA9WI70PT,2PN6550BQO,26Q0WGMAEO
2JCA4DJQLS,1QO6DRI4PV,2HFGGS55QS
2JE6EG5H5L,V6SPFLRWQ,5MMK201UU
2JFV80TTBO,CD76U7XEG,2AIM3O3E5U
2JHPUTHG6I,2EQIAX4CBK,2P3DYNIXW5
2JK3DLZKY9,1ZU4SRIBYP,1RXEBD4IXM
2JK3DLZKY9,291K7WPJ21,HXCE6S8UJ
2JLSAC5PWB,AXMCA31JJ,23UQK54X8A
2JNF3O8FIR,1TINQ6FVZO,BK7FQJZBI
2JOXO8PUFY,1CHOCYU9HT,1BD67G26TX
2JPMVA03ET,1QO6DRI4PV,263WFFST7N
2JPMVA03ET,7JU2J2Y19,139XI4GUK4
2JQZXUEV9P,11LIXX9DNI,1R6IEENGQ1
2JUKHO24WR,1KM3EXIV24,1AH3HA11V1
2JW24B5ZR2,1JP23ZDV6R,1ZX07X83LX
2JW24B5ZR2,2FVWW3NRA9,2RPCRN34O3
2JY9I2KLGK,1CRN82227G,24GIIUBOR7
2JY9TX43P2,21O576G5H3,1365LFPXBX
2JZPWEZ6K2,1ZU4SRIBYP,2JK3DLZKY9
2K2DHI7185,2O6E3WWEH,1CHZBWOLBW
2K6V6GTPMC,1B7LK5I5LS,8XL09J1MV
2K6V6GTPMC,1CHOCYU9HT,2D4EMLY785
2KES6A7ETX,1B7LK5I5LS,295BY67YLT
2KES6A7ETX,1CHOCYU9HT,24AY2ZWKDN
2KES6A7ETX,203R6QQJVM,201D1DVX6K
2KES6A7ETX,2H31BE7GH6,18Q9XEXCUR
2KES6A7ETX,OV66LJT5T,TI0VYJPSF
2KGM2PCKWK,15WQ99RBL9,ODWI4QBKV
2KK2FDJDL6,291K7WPJ21,11GGRCQCQE
2KNKUIJJJU,21O576G5H3,1CWFC0QJR6
2KPJMGZA44,25HVVU5H5O,ASRUQ2RQ8
2KR1ACID27,1QO6DRI4PV,1FLVLD6U1I
2KR1ACID27,7JU2J2Y19,RI55FR1LE
2KWHQP1IU3,203R6QQJVM,4AC45SWOY
2L0BQKXP8W,KITS4GUF3,4T3S756HY
2L2UNAEBHX,1CRN82227G,DMIYVNY0F
2L3HS25QC1,1JIAKUDFWB,2GVA9J72YV
2L3I1UE5OU,1QO6DRI4PV,DUE4SROAO
2L3I1UE5OU,V6SPFLRWQ,2MB5ALKZQE
2L4K25AEBT,18CREL5RDE,1PWT9LVMQZ
2L7XPTH6KY,1QO6DRI4PV,YZPOJKGQY
2L7XPTH6KY,7JU2J2Y19,13OS0C8ACC
2L9A7ND75C,2PN6550BQO,2CJILWUO52
2LG07TWQ7E,2CJUOVYZPX,6J5VOJ5D1
2LGBL6NP15,75X9G60NB,3CLZMY2L1
2LLZLTZ2WJ,2HFQVB1VO7,1WVWBEYS3E
2LSUDT0OEA,1RB53QXO8E,21X2KH9SNO
2LSVKFRVRD,1QO6DRI4PV,JKNB8476N
2LSVKFRVRD,V6SPFLRWQ,1BRQ4XCF7R
2LTX8TE950,2O6E3WWEH,29NS413ROS
2LUGPCHD2W,9C7HG1GDJ,1L3J666D4B
2LUGPCHD2W,E3GBHOT17,KUOOMKPN3
2LVCA82IWZ,18CREL5RDE,2BNRK5KZS1
2LVCA82IWZ,2O6E3WWEH,18ULWTQQAM
2M3IWI7DA0,1CRN82227G,TVACZC313
2M5C7L8TMT,109KDCRRVS,FSBL0SS28
2M5C7L8TMT,1SAWTQDD78,1ER27AALSJ
2M7XK35UBJ,1QO6DRI4PV,2ABYB3LIW5
2M7XK35UBJ,V6SPFLRWQ,1BRQ4XCF7R
2M8DHAIGZK,2LFMJHSGFQ,2R7I4BA2HZ
2M8DHAIGZK,A1XD91RHO,A91J81FZC
2M8DHAIGZK,OVZXBOVPQ,TKHBP8WZ2
2MB5ALKZQE,1QO6DRI4PV,1B2CXDXM02
2MB5ALKZQE,V6SPFLRWQ,1R1SWSN80I
2MBY094PEY,2DRIUYX4MA,BSE5G5RP4
2MCBAYANBY,1T2RJ63FXG,TT8LMTTU3
2MLZETCD7Q,291K7WPJ21,2BX0D2BF95
2MMF5KZRA0,1JIAKUDFWB,TZMOMXCU7
2MMQY3V2W1,1HJSVODTKX,Z97NI1UPO
2MQWB5XP8J,2O6E3WWEH,XVAK7WAZX
2MVGKOU4N3,1QO6DRI4PV,1OD5PHYVBB
2MVGKOU4N3,7JU2J2Y19,R57I03LWI
2N75HL38SW,1QO6DRI4PV,2S2DPBQQ0
2N8G064T0L,42ZJIQBIE,1RMV25AZ4M
2NKMLSJQW3,21O576G5H3,1KBOR7RKGV
2NKXUUAOA9,1B7LK5I5LS,AVIOIP2HO
2NKXUUAOA9,1CHOCYU9HT,19P4LAW1YT
2NLOMJAQTP,1B7LK5I5LS,1NZBFR201D
2NLOMJAQTP,1CHOCYU9HT,ZTEM6DIMJ
2NLOMJAQTP,203R6QQJVM,2174T8ZQ1E
2NLOMJAQTP,2H31BE7GH6,1NYF4VG4N4
2NMDM0CNW2,1B7LK5I5LS,12OG5MGDAY
2NRILGRXHM,1CRN82227G,GJV7VP11L
2NRILGRXHM,21O576G5H3,2CHMO0F8KU
2NSZMV2CUC,1QO6DRI4PV,AK10PG18X
2NXP0FP50Y,203R6QQJVM,2G74U22DZ6
2NXP0FP50Y,2H31BE7GH6,1C8R9D57VD
2NXTQ5EWB3,28C2XKURQ5,EWM005RYM
2NXTQ5EWB3,2PFDITEA98,1B7A9WRQ1
2NXTQ5EWB3,CD76U7XEG,2F1HHNOA80
2NZG535IT9,1B7LK5I5LS,BUQNLZMSF
2OEXCXVFXB,10F4ODI8D5,1YYD6VJ45Y
2OOEMNJ9YA,2AKCDGT1Y0,1LM2YKMOOT
2OT52MXW3V,1CRN82227G,QPLQTOX8B
2OU5OSO9J6,PQVOJ34IS,7KJ022CDV
2OUG8L9APC,1LVVT3QON,1VIXXQYQYU
2OUG8L9APC,2737P9PM2Z,1DED9LJMLO
2OUG8L9APC,2N72V5YYH2,9Q2QZOFNM
2P2DSGL79E,1QO6DRI4PV,2MVGKOU4N3
2P3DYNIXW5,2EQIAX4CBK,1RH91ZX3MQ
2P3DYNIXW5,2MW6303N0L,1I1T14VO8O
2P49C91Z59,2NCU4SKWK,F6C2FUD5
2P49C91Z59,G3SWY48TK,VEU6IRH3V
2P4X4QA2O6,CD76U7XEG,EGEHUE9HG
2P5T4WZEKQ,2O6E3WWEH,2AQ63YLOLT
2P72JAEUV0,25HVVU5H5O,7PTX2V2HC
2P8CB1KPNV,2AUCRW14PQ,13MZ5284SU
2P8CB1KPNV,2CJUOVYZPX,281WFJ79LV
2P8CB1KPNV,DNX38TW4T,1OFBBMV6DO
2P8CB1KPNV,Z0IH3IENY,1E6E1H8UHK
2PBW1XGD83,21O576G5H3,141D08LCXV
2POJ6KQKMB,2B5CWJHWG3,YEITCJZ4J
2PPGEGDYJK,18CREL5RDE,2CTW2X83US
2PPQD9VKN6,YNO6IYJ38,YYKMRCK0M
2PQPM4BG89,2EQIAX4CBK,2P3DYNIXW5
2PQPM4BG89,KITS4GUF3,1JSPOCBTPT
2PRG7WICVK,291K7WPJ21,104P25L8L4
2PSRMJRDLU,1T2RJ63FXG,LI2E4SOVS
2PVPN0P0DY,2NCU4SKWK,101DWZ8JPV
2PVPN0P0DY,42ZJIQBIE,QK7S55D8U
2PZT68T74R,2EQIAX4CBK,B8WN1JE0Y
2PZT68T74R,PQVOJ34IS,1PVN6EGJPO
2Q0KWMB6I7,CD76U7XEG,2IL20XRON8
2Q12HLXHJF,1ZU4SRIBYP,104P25L8L4
2Q1I4F3UXG,2PFDITEA98,1JCTY4U9OC
2Q3Y80P80A,2O6E3WWEH,FLFYW96PT
2Q5O7Y00KS,21O576G5H3,28AY9DY6G
2Q8JJBNQBC,1B7LK5I5LS,12OG5MGDAY
2QFM2KLILZ,2AUCRW14PQ,1OFBBMV6DO
2QFM2KLILZ,2CJUOVYZPX,O5NLYCS2D
2QFM2KLILZ,DNX38TW4T,26E7SPWLP1
2QGWNZ97YW,21O576G5H3,45DBSIHXC
2QJMQAVHRX,21O576G5H3,251EK9A1BZ
2QJVYJCUU7,2EQIAX4CBK,SY7D1273B
2QJYS8FSWJ,2DRIUYX4MA,1VQABR830W
2QOVAMGBO1,1UBKX43I12,1WXS2697HZ
2QQ8B3RX79,1CRN82227G,2DK2EEKWF7
2QSLVJPPRN,1B7LK5I5LS,24I30U8IAS
2QU6Z6P2NU,2O6E3WWEH,2K2DHI7185
2R05A5R7GK,11LIXX9DNI,BW99JHNX2
2R0CPBRYEI,2HFQVB1VO7,2LLZLTZ2WJ
2R1ZIWHPDT,FH0LL5EWZ,2IUDBVVB65
2R26KYPX1J,14CKWJL752,24MPME3A9B
2R26KYPX1J,1B7LK5I5LS,2NMDM0CNW2
2R4LNN7TPV,21O576G5H3,2AXP8UCDQB
2R68MZI5DH,KITS4GUF3,1XIWH0FBQ0
2R7I4BA2HZ,2LFMJHSGFQ,2M8DHAIGZK
2R7I4BA2HZ,A1XD91RHO,3Y6EM3CLB
2R7I4BA2HZ,OVZXBOVPQ,440QPX5YW
2R8XFVQ65C,2DRIUYX4MA,1VQABR830W
2RBB7KKU0W,291K7WPJ21,N44NBJTQY
2RI2839XFU,2I3W30HSW8,VCRRLK0BU
2RI2839XFU,VTAU0YC8Y,B94H8CGQP
2RM6WJCMWD,2EQIAX4CBK,2FWBQ95O49
2RM6WJCMWD,KITS4GUF3,2HMCG2MTI7
2ROFRGNAOY,2EQIAX4CBK,1365LFPXBX
2RPCRN34O3,2FVWW3NRA9,2C51R2TB2M
2RPCRN34O3,2II970JDIR,J8OCV54ZF
2RQ4MEL72A,1HYJXCXQFR,215TS4M8A0
2S2DPBQQ0,1QO6DRI4PV,1OD5PHYVBB
2USTR6MYH,2II970JDIR,4RSKUIAU7
2X6NWSD3J,75X9G60NB,2LGBL6NP15
2YAEIW8NM,25HVVU5H5O,1EBH1NAO15
2YAEIW8NM,2PN6550BQO,IQ7KVTISE
37SWII08G,1RB53QXO8E,1HJIJCIT3U
37SWII08G,26COAV9O17,1OMZXUHOS4
38UMGV0HB,1B7LK5I5LS,HSY2XG0Z0
38UMGV0HB,203R6QQJVM,10ZNA7XEGA
39OBZ2PI5,2EQIAX4CBK,VTEQKZ6O7
3AXZ9ABNR,1B7LK5I5LS,USZHJUCPM
3CLZMY2L1,42ZJIQBIE,M0ZR9LEEQ
3CLZMY2L1,75X9G60NB,2HELL3TKKH
3D3C2YP2K,1JP23ZDV6R,DM8RVSZMV
3D3C2YP2K,1QO6DRI4PV,2ERYLP3LEE
3FVFJUAZE,1QO6DRI4PV,1QWTM0LF4Y
3GWL4U2XK,YNO6IYJ38,5ZND01NKZ
3IVB6MY0V,25HVVU5H5O,29XZX7V4NT
3LQ8H27YD,2HRUZ6T51M,EKBE02U8H
3MQQ2XHQL,1QO6DRI4PV,2MB5ALKZQE
3NCER6CI1,25HVVU5H5O,N44NBJTQY
3OQAWYGRD,2EQIAX4CBK,1AS8GS5YVP
3OQAWYGRD,PQVOJ34IS,SLN5JL9S7
3QQQW0EU3,1QO6DRI4PV,1CYNJOTUHI
3RHBOEMLK,2EQIAX4CBK,1B0JIXRRKS
3RHBOEMLK,PQVOJ34IS,SY7D1273B
3TT919GQ0,1JP23ZDV6R,1M6QPX9MCM
3TT919GQ0,1MOJEXDKSA,2CC531MM66
3TVPACAPZ,21O576G5H3,141D08LCXV
3Y6EM3CLB,A1XD91RHO,1UT5DYPWL0
3Y6EM3CLB,OVZXBOVPQ,1V6CZ3UZFV
3YFHJCCWY,1TINQ6FVZO,P97D50HMR
3YGIGA6TG,1B7LK5I5LS,1URCISUTFA
3YZGMPI8S,1QO6DRI4PV,1G4G1AGSI6
440QPX5YW,2LFMJHSGFQ,1V6CZ3UZFV
440QPX5YW,A1XD91RHO,1BL5C9VX4M
440QPX5YW,OVZXBOVPQ,2M8DHAIGZK
449BTLL7X,2O6E3WWEH,GSE66PSEY
44XV6IQO6,2AUCRW14PQ,1OFBBMV6DO
44XV6IQO6,2CJUOVYZPX,281WFJ79LV
44XV6IQO6,DNX38TW4T,2GYK1Q0G9Y
457TY1E6G,21O576G5H3,28AY9DY6G
45DBSIHXC,21O576G5H3,1LN99NOE3K
49G64C0LH,75X9G60NB,1Z1E3A0FLH
4AC45SWOY,1CHOCYU9HT,6KQW169VF
4AC45SWOY,203R6QQJVM,19P4LAW1YT
4BZBAMVGZ,1CRN82227G,1DSKGJKSG8
4FEJWEFGO,2DRIUYX4MA,ZNRFPGR3B
4KXS17LOJ,21O576G5H3,1J3DVM48V1
4PT8SJXHP,15WQ99RBL9,7V8T46HBF
4R39KJH7Q,PQVOJ34IS,554OC7L10
4R7DWWCTY,CD76U7XEG,23TIOZZOWZ
4RSKUIAU7,2II970JDIR,168KWNULB1
4T3S756HY,2EQIAX4CBK,1PNK3Z6GCL
4T3S756HY,KITS4GUF3,1YSIMG3M3A
4XEADGDUO,291K7WPJ21,171AOEGFTE
5081F0EVG,JJF4YSX3I,1CK37Z7I4L
520SQZ8OC,2O6E3WWEH,NA1O3YM86
52T6TWQZY,2LFMJHSGFQ,2M8DHAIGZK
54YKVMBSV,2EQIAX4CBK,VTEQKZ6O7
54YKVMBSV,KITS4GUF3,1L3J666D4B
554OC7L10,PQVOJ34IS,UUS6XAPXM
554TI65ZO,CD76U7XEG,19EB97OW8F
5BMQNK3WO,V6SPFLRWQ,ZUBG8M8U
5CK4H19KG,19SOCGRJBE,18K92B6XMF
5EDHDDR6H,1B7LK5I5LS,DBQAGQO54
5EDHDDR6H,1CHOCYU9HT,2NKXUUAOA9
5EDHDDR6H,2H31BE7GH6,19P4LAW1YT
5GZDMC8PN,1B7LK5I5LS,2QSLVJPPRN
5GZDMC8PN,2H31BE7GH6,G7RPQWX8
5IF410MF3,KITS4GUF3,13HFQREMB4
5J0O91A12,2EQIAX4CBK,13HFQREMB4
5J0O91A12,KITS4GUF3,16YSC01N7X
5JQ3T3OWP,1ZE80P5LN1,2J6DPOBHWF
5JQ3T3OWP,JJF4YSX3I,2A1H1GA1A4
5JQ3T3OWP,LPK4NJEXJ,2J6DPOBHWF
5JQ3T3OWP,V54WRGTS4,186RIUAR6R
5JXBGMFBC,1HYJXCXQFR,2FKT944DU6
5LHNO80VC,2EQIAX4CBK,HXAKAONK2
5MMK201UU,1QO6DRI4PV,3D3C2YP2K
5MMK201UU,V6SPFLRWQ,GJVGSV0GY
5NQZQD2MU,KITS4GUF3,54YKVMBSV
5ON6I6SQK,11LIXX9DNI,QN3BNEX3J
5OOQUMEOP,1QO6DRI4PV,2N75HL38SW
5PIVOLMDR,2H31BE7GH6,TTS04R4L0
5ZND01NKZ,YNO6IYJ38,2824R99F0R
607COXGB6,1TINQ6FVZO,76DP41TA4
60GPJTGGC,1CHOCYU9HT,TI0VYJPSF
60GPJTGGC,203R6QQJVM,2G74U22DZ6
60GPJTGGC,2H31BE7GH6,UGUWE198A
60GPJTGGC,CD76U7XEG,C4EIV9P0E
60GPJTGGC,OV66LJT5T,10ZNA7XEGA
65124BQI4,18CREL5RDE,T6WUBQVP8
65124BQI4,2O6E3WWEH,1XZ4KR4OX3
66QZSODZC,KITS4GUF3,1365LFPXBX
6BU7WJADN,1JIAKUDFWB,PJNXAH4AO
6BU7WJADN,1N3LZJ9L23,TBYZYAOE
6BU7WJADN,2P4V41O0W1,245I0I4Q3C
6BU7WJADN,K7RBSKLY7,13N6CWE0L5
6BU7WJADN,VTAU0YC8Y,2RI2839XFU
6FBH59LD2,V54WRGTS4,9231C1KTN
6FN1OQZIO,1B7LK5I5LS,G7RPQWX8
6FN1OQZIO,OV66LJT5T,8VTGMJUI5
6IVTMSEMH,KITS4GUF3,66QZSODZC
6J5VOJ5D1,2CJUOVYZPX,1K5CTX9QBD
6KQW169VF,1B7LK5I5LS,2NKXUUAOA9
6KQW169VF,1CHOCYU9HT,5EDHDDR6H
6KQW169VF,2H31BE7GH6,IZN71W9MS
6SF6OOWII,102W5RGROM,21M33X0CXG
6SOA891S1,21O576G5H3,JQNIXEP6E
6SZQ2MFEY,291K7WPJ21,1LNS7Z537M
6WNEI6S17,2PN6550BQO,15QW02ZKQP
71M1ALQX5,1HYJXCXQFR,238BDDRY5I
71M1ALQX5,AXMCA31JJ,24T6CHMT13
71M1ALQX5,KZF2GFC0J,2ETLH9KQOZ
71NDZ3JQO,1JP23ZDV6R,1M6QPX9MCM
7642DJZGM,1QO6DRI4PV,5OOQUMEOP
76C0QHUWO,1B7LK5I5LS,1OE7KKA6BC
76C0QHUWO,2H31BE7GH6,2G74U22DZ6
76DP41TA4,1TINQ6FVZO,201D1DVX6K
76DP41TA4,28C2XKURQ5,2F1HHNOA80
77GXKBLZ3,1ZU4SRIBYP,N44NBJTQY
77GXKBLZ3,291K7WPJ21,15QW02ZKQP
78J151PGQ,2CJUOVYZPX,1OFBBMV6DO
7HPW458XE,AXMCA31JJ,D8XQEDXTO
7I6E66NDV,11LIXX9DNI,H57CXMIGL
7I6E66NDV,1ZU4SRIBYP,2B8JGWV0AJ
7I6E66NDV,25HVVU5H5O,1KCUESOSEH
7JM01EA2Y,2PN6550BQO,1KCUESOSEH
7KJ022CDV,2EQIAX4CBK,14EJB8E8FD
7KJ022CDV,KITS4GUF3,FZ9N88CM
7KJ022CDV,PQVOJ34IS,1PVN6EGJPO
7KSBCVA0M,1QO6DRI4PV,1JSQNV2JDN
7LG9Z7XLC,18CREL5RDE,GH5PQP4V5
7LG9Z7XLC,2O6E3WWEH,GSE66PSEY
7NJWWG7MU,75X9G60NB,1ABQF6LSD3
7PTX2V2HC,25HVVU5H5O,2BC37Q18DE
7V8T46HBF,15WQ99RBL9,1CP8KV5C4Q
7XA3QC0B0,1CRN82227G,21ZEBF54JE
7XA3QC0B0,1UBKX43I12,TVACZC313
7XA3QC0B0,21O576G5H3,2C46CP75CT
7XA3QC0B0,2DRIUYX4MA,WF2BIDGGJ
7XZ8DNVKC,11LIXX9DNI,2JQZXUEV9P
7XZ8DNVKC,25HVVU5H5O,ASRUQ2RQ8
7XZ8DNVKC,2PN6550BQO,ZRDQ0V72X
7ZTQA56FO,2CJUOVYZPX,O5NLYCS2D
7ZTQA56FO,42ZJIQBIE,260NQSV7BH
7ZTQA56FO,G3SWY48TK,1CIM8NXULB
83OD78CHU,1QO6DRI4PV,2CF9E77DBU
893R94NA1,21O576G5H3,24PSUGZ5SW
893R94NA1,PQVOJ34IS,RG9GTNB5R
89GBCTKX7,1JIAKUDFWB,2MMF5KZRA0
8A95ZWHDQ,2PFDITEA98,2NXTQ5EWB3
8CU56UV99,1TINQ6FVZO,X5U2VDQ6M
8E1EEPIMJ,2DPZD3RI4F,A91J81FZC
8NC6HE5BK,1HJSVODTKX,V5HX0IHZ
8S6160N35,2II970JDIR,E70SQEQN6
8TBY100PH,1ZU4SRIBYP,LQD06P2YI
8TZO0023M,KITS4GUF3,231EJF937Y
8UFWMPX9O,18CREL5RDE,2EJ2XTC6BT
8VTGMJUI5,OV66LJT5T,2D4EMLY785
8VYEAY0I7,1CHOCYU9HT,2NLOMJAQTP
8WY4O2525,1RB53QXO8E,13N0I7GETX
8WY4O2525,2AKCDGT1Y0,1VIXXQYQYU
8WY4O2525,2P4V41O0W1,1BAZTG0O0V
8WY4O2525,VTAU0YC8Y,MI84BBCIA
8XL09J1MV,1B7LK5I5LS,2NLOMJAQTP
8YR0DOS6E,102W5RGROM,VSVPZEX9C
8YR0DOS6E,1HJSVODTKX,2GDST7IAO7
8YR0DOS6E,1M5CIOUVYX,1J92UKF196
8YR0DOS6E,1QO6DRI4PV,2KR1ACID27
8YR0DOS6E,2FVWW3NRA9,IEQPSVD2L
8YR0DOS6E,2II970JDIR,1UCV1FJLLV
8Z0HCOXSO,1QO6DRI4PV,26X5NX3PVG
9231C1KTN,16YRCOA9BD,TT8LMTTU3
9231C1KTN,17MXIWPJO0,LI2E4SOVS
9231C1KTN,1QINLS5ZB8,1KUO66XREA
9231C1KTN,1T2RJ63FXG,1C4IQXC5CJ
9231C1KTN,204Q7RISNL,GRS8GCY6
9231C1KTN,V54WRGTS4,1CK37Z7I4L
94ZQHZN93,2B5CWJHWG3,1ZJOFZ284R
95YNX7W63,102W5RGROM,21M33X0CXG
9ARWJQFFR,1ZU4SRIBYP,LQD06P2YI
9FYSUU2GA,MCV5ISFAE,O12LA6JHY
9LL05Y9P5,1QO6DRI4PV,1EBH1NAO15
9LMOU6BN9,2EQIAX4CBK,29H4RAY68O
9LNTGZ70N,1MOJEXDKSA,DM8RVSZMV
9Q2QZOFNM,1LVVT3QON,2D8OLYZ8V4
9Q2QZOFNM,2AKCDGT1Y0,1UDPZRCBB5
9Q2QZOFNM,2N72V5YYH2,21TBCS59K2
9S1364DCY,1B7LK5I5LS,295BY67YLT
9S9IIQFQ,1JP23ZDV6R,22OQR4VAEC
9SQF1Z9D2,21O576G5H3,1YSIMG3M3A
9T0D78XSG,102W5RGROM,H03MJDFP7
9T3W6VBGK,2H31BE7GH6,18Q9XEXCUR
9UQ39X4O,KITS4GUF3,214MPJLSTT
9WZF9SS9R,1QO6DRI4PV,1XTJQF03F
9Z63IQ6IK,25HVVU5H5O,BW99JHNX2
9Z63IQ6IK,MCV5ISFAE,L1XM7Y0ER
A2XUX8JHW,291K7WPJ21,1Z1HO42B8E
A5VJ03TF9,18CREL5RDE,1L3J666D4B
A8PW45MY4,1JP23ZDV6R,2COJJEGPDC
A91J81FZC,2DPZD3RI4F,1C703P39TH
A91J81FZC,2N3U5AFYP4,1C703P39TH
A91J81FZC,A1XD91RHO,1UT5DYPWL0
A91J81FZC,OVZXBOVPQ,1V6CZ3UZFV
AGD4G6233,2FVWW3NRA9,1KCUESOSEH
AIIOZJPYH,CD76U7XEG,4R7DWWCTY
AIWHT8Y62,1B7LK5I5LS,2NZG535IT9
AK10PG18X,1QO6DRI4PV,1OD5PHYVBB
AK10PG18X,7JU2J2Y19,16LXCFANNE
ARAOG16FL,102W5RGROM,6SF6OOWII
ASRUQ2RQ8,25HVVU5H5O,22BN1QZCIP
AVIOIP2HO,1B7LK5I5LS,8XL09J1MV
AVIOIP2HO,1CHOCYU9HT,60GPJTGGC
AVIOIP2HO,2H31BE7GH6,1CWCF2FCF9
AVIOIP2HO,OV66LJT5T,8VTGMJUI5
AVQGA20K2,SQ1SGA4ZF,2FXH5SRL7R
AWAB82POP,1JP23ZDV6R,2COJJEGPDC
B41G0QVEU,2AUCRW14PQ,26E7SPWLP1
B41G0QVEU,2CJUOVYZPX,1K5CTX9QBD
B41G0QVEU,DNX38TW4T,2P8CB1KPNV
B41G0QVEU,Z0IH3IENY,1OFBBMV6DO
B4TVPPM98,2II970JDIR,168KWNULB1
B52AYO8IO,42ZJIQBIE,18Y46RO51V
B7U449FJA,1QO6DRI4PV,2BCG7MLU7Q
B8WN1JE0Y,2EQIAX4CBK,1CWW9H8LVT
B8WN1JE0Y,KITS4GUF3,1CWW9H8LVT
B94H8CGQP,1JIAKUDFWB,20J0N70ZU3
B94H8CGQP,1N3LZJ9L23,1BDH15KEQC
B94H8CGQP,2P4V41O0W1,12XOOW0DUL
B94H8CGQP,K7RBSKLY7,13N6CWE0L5
B94H8CGQP,VTAU0YC8Y,SYHUM61GC
BAVWXN2WM,1JP23ZDV6R,15302OP8K
BAVWXN2WM,1MOJEXDKSA,1DPGPJ5CNR
BDC662WIC,2EQIAX4CBK,2P3DYNIXW5
BG8UGK1FT,11LIXX9DNI,1Z54GWXS09
BG8UGK1FT,291K7WPJ21,1ONW1NKY1H
BG8UGK1FT,2FVWW3NRA9,J8OCV54ZF
BJ9VI8OBU,1HJSVODTKX,1HUWPUAFGF
BK7FQJZBI,1TINQ6FVZO,G9WDPMCOO
BPDGGXM5Y,19U8NCGO3N,GNDXBQXT7
BPDGGXM5Y,2FVWW3NRA9,1X842Q12O4
BQLSSA1WZ,MCV5ISFAE,H57CXMIGL
BSE5G5RP4,2DRIUYX4MA,2B4YXJ4K8U
BSS3B809P,1QO6DRI4PV,G3UUPBKUD
BSS3B809P,2FVWW3NRA9,13OS0C8ACC
BUQNLZMSF,1B7LK5I5LS,TI0VYJPSF
BUQNLZMSF,1CHOCYU9HT,16B7GHD4B
BW99JHNX2,11LIXX9DNI,2BX0D2BF95
BW99JHNX2,1ZU4SRIBYP,HXCE6S8UJ
BW99JHNX2,25HVVU5H5O,GJVGSV0GY
BZ20PKRR5,A1XD91RHO,440QPX5YW
BZ20PKRR5,OVZXBOVPQ,A91J81FZC
C0I3CSGBK,102W5RGROM,1WCTY2U9AO
C0W33NH4C,2O6E3WWEH,2Q3Y80P80A
C2FMMN0VT,2EQIAX4CBK,2H25SJ3JV7
C4EIV9P0E,28C2XKURQ5,ND4FOY018
C4EIV9P0E,CD76U7XEG,2AIM3O3E5U
C4IHYX0UX,102W5RGROM,6SF6OOWII
CEBSNJREO,1ZU4SRIBYP,HXCE6S8UJ
CK1GE84W1,2EQIAX4CBK,13HFQREMB4
CMM333IAQ,AXMCA31JJ,M1PGYYWZZ
CNB6GW70M,1QO6DRI4PV,2KR1ACID27
CNB6GW70M,V6SPFLRWQ,1VJXS5VC6C
CUUVVLZTY,1QO6DRI4PV,7642DJZGM
CWG0VG5SM,21O576G5H3,2QJMQAVHRX
CWG0VG5SM,KITS4GUF3,2R68MZI5DH
CWZVD727T,21O576G5H3,1CWFC0QJR6
CWZVD727T,PQVOJ34IS,W5S4BD5TU
D17OLWNBZ,28C2XKURQ5,2NXTQ5EWB3
D3EXBNF3N,CD76U7XEG,2J9VSPXJ1N
D3P8394VA,2B5CWJHWG3,1M7KKUXEXA
D3P8394VA,2EQIAX4CBK,2P3DYNIXW5
D5ZGN3LVN,E3GBHOT17,KUOOMKPN3
D7KIBPHZ8,1ZU4SRIBYP,N44NBJTQY
D8XQEDXTO,1HYJXCXQFR,5JXBGMFBC
D8XQEDXTO,AXMCA31JJ,2FGW0F8EKT
D946C3EV9,18CREL5RDE,2DRIOIYVBW
DAYGTELYE,2EQIAX4CBK,2JHPUTHG6I
DBQAGQO54,1B7LK5I5LS,ZTEM6DIMJ
DBQAGQO54,2H31BE7GH6,19P4LAW1YT
DELOGYMJ5,E3GBHOT17,P97D50HMR
DEW21KQ30,18CREL5RDE,OXSPG6UY6
DFAR96TMV,MCV5ISFAE,V36NL2VFL
DFCT3LB9N,2B5CWJHWG3,M96RB9X5I
DI0KJOKXU,2EQIAX4CBK,HXAKAONK2
DM8RVSZMV,1JP23ZDV6R,2JW24B5ZR2
DM8RVSZMV,1MOJEXDKSA,1ZX07X83LX
DMIK8ZVKX,2EQIAX4CBK,1PNK3Z6GCL
DMIYVNY0F,18CREL5RDE,1HYD32RD59
DMIYVNY0F,1CRN82227G,2AQ63YLOLT
DMIYVNY0F,2O6E3WWEH,2K2DHI7185
DPS8MI75I,1QO6DRI4PV,1I6ZWR56HX
DPS8MI75I,7JU2J2Y19,YIAU463H6
DPS8MI75I,V6SPFLRWQ,1FLVLD6U1I
DQ1DJQP98,1ZU4SRIBYP,26JIUH83UR
DT3PZZUBU,6DB8TTW80,XGRH5FSGL
DUD0QXVS3,2NCU4SKWK,101DWZ8JPV
DUD0QXVS3,42ZJIQBIE,1RMV25AZ4M
DUD0QXVS3,G3SWY48TK,VCVE2R9R1
DUE4SROAO,1QO6DRI4PV,1EHILG148E
DV4LQ68KP,21O94JLIMI,1UGE25KTGB
DV4LQ68KP,KZF2GFC0J,1VAZN2USR4
DWMG6KE8,PQVOJ34IS,1OUIYP0XYZ
E2RMKNLRS,75X9G60NB,1Z1E3A0FLH
E6O91WPB4,1T2RJ63FXG,LLYI4EFXH
E70SQEQN6,2II970JDIR,J8OCV54ZF
E8JXJ7HT8,1DPXTDK922,2FSAIJY434
E8JXJ7HT8,V54WRGTS4,1EUYY1QNWU
E8M2PF94Q,2737P9PM2Z,XQV3XVDYE
E8M2PF94Q,2N72V5YYH2,19ZL8WL7S5
E9MNFC4IE,2O6E3WWEH,2AKXS3UKPY
EBSZ2ZTLI,18O3VWAQYJ,2FM1RJKIOE
EC352SF3D,21O576G5H3,141D08LCXV
EC352SF3D,2EQIAX4CBK,16YSC01N7X
EC352SF3D,KITS4GUF3,PRELX0XSZ
EC352SF3D,PQVOJ34IS,1OUIYP0XYZ
ECFLH7Q2C,2B5CWJHWG3,JXXPX0O5L
ECFLH7Q2C,2EQIAX4CBK,11GJL368R4
ED3H133UH,25HVVU5H5O,21O5LG8BDY
EFROZOC6S,2EQIAX4CBK,251EK9A1BZ
EGEHUE9HG,CD76U7XEG,KEZXO6QAN
EI6OTY7GW,21O576G5H3,IPDQQ66E1
EKBE02U8H,2HRUZ6T51M,S4N1YZCQO
ESVPB3WZJ,1ZU4SRIBYP,1HD7X4U4OD
ESVPB3WZJ,291K7WPJ21,171AOEGFTE
EWM005RYM,28C2XKURQ5,ND4FOY018
EXN4MS335,19U8NCGO3N,16JNMIQIFU
F0WRLZPGA,25HVVU5H5O,N44NBJTQY
F67NY8N8D,2O6E3WWEH,2MQWB5XP8J
F6C2FUD5,2NCU4SKWK,POPV1I6O8
F6HHJS4AA,2FVWW3NRA9,R57I03LWI
F6KSSJPYO,1MOJEXDKSA,2CLF37EE27
F8MIYXNXM,291K7WPJ21,15QSVEBLY4
FGNK7J3BO,21O576G5H3,1JSPOCBTPT
FJB4GJ7TH,12YG6TUTHQ,1PK3P6Q36W
FJX5JQGO,2O6E3WWEH,1AUT62N72F
FLFYW96PT,2O6E3WWEH,DMIYVNY0F
FMI75ODX4,21O576G5H3,1JSPOCBTPT
FMI75ODX4,KITS4GUF3,151F6FKOCL
FSBL0SS28,109KDCRRVS,1JRLFCH44T
FSBL0SS28,1N3LZJ9L23,1S15S7VB85
FSFPQ36ES,KITS4GUF3,1WTSUUC2H6
FTB0WM9F9,21O576G5H3,2KNKUIJJJU
FTDRCA3C3,14CKWJL752,24MPME3A9B
FTDRCA3C3,1CHOCYU9HT,XMRV8XK3Y
FTDRCA3C3,203R6QQJVM,10ZNA7XEGA
FTDRCA3C3,OV66LJT5T,1QY5ZWXL90
FUUPYQZDV,12YG6TUTHQ,GQ82SCDC6
FUUPYQZDV,291K7WPJ21,1LNS7Z537M
FY4SHFCNK,102W5RGROM,1SUQNE8KFM
FZ9N88CM,21O576G5H3,25DNGLDB9W
FZ9N88CM,KITS4GUF3,P7NBBY9S9
FZ9N88CM,PQVOJ34IS,1JSPOCBTPT
FZTJWLTZH,2HRUZ6T51M,3LQ8H27YD
G0ZK8W7N4,2B5CWJHWG3,YEITCJZ4J
G0ZK8W7N4,2MW6303N0L,17NTUY3OPA
G2EPAYDU7,AXMCA31JJ,2FKT944DU6
G31IEFKTR,75X9G60NB,7NJWWG7MU
G3R52LZ7H,203R6QQJVM,1JIIRZE7Z
G3UUPBKUD,1QO6DRI4PV,2M7XK35UBJ
G49X9FOA7,MCV5ISFAE,2DH276P68S
G70V4BCLS,1ZGT9CJLLI,2GO0FUQR10
G70V4BCLS,28C2XKURQ5,C4EIV9P0E
G7RPQWX8,1B7LK5I5LS,16B7GHD4B
G7RPQWX8,2H31BE7GH6,24I30U8IAS
G9WDPMCOO,1TINQ6FVZO,8CU56UV99
GB2T9PWFH,2EQIAX4CBK,16KVNNWCYP
GB2T9PWFH,KITS4GUF3,1G70GSBHBN
GDR5E3ZTL,2DRIUYX4MA,1MZUBDU2E8
GEVQAY722,102W5RGROM,1ENXKMQXGV
GH5PQP4V5,18CREL5RDE,29H2Q7Y116
GJV7VP11L,1CRN82227G,29H2Q7Y116
GJVGSV0GY,1QO6DRI4PV,2JPMVA03ET
GJVGSV0GY,25HVVU5H5O,2F83OXCIQF
GJVGSV0GY,V6SPFLRWQ,2APJHGMSHY
GK87D0NIC,2AUCRW14PQ,1E6E1H8UHK
GK87D0NIC,2CJUOVYZPX,2P8CB1KPNV
GK87D0NIC,DNX38TW4T,2891OI563N
GK87D0NIC,Z0IH3IENY,13MZ5284SU
GMDSANDYQ,1QO6DRI4PV,2MB5ALKZQE
GMP1WAJJ2,10F4ODI8D5,1YYD6VJ45Y
GNDXBQXT7,19U8NCGO3N,SDESX4G1F
GO919MB61,75X9G60NB,E2RMKNLRS
GP45FNB3O,7JU2J2Y19,1EHILG148E
GPFJOJ78Y,OVZXBOVPQ,440QPX5YW
GQ82SCDC6,12YG6TUTHQ,T7650AV2G
GQ82SCDC6,1ZU4SRIBYP,22I5FDKXV8
GQ82SCDC6,291K7WPJ21,1ONW1NKY1H
GQIH9XKJU,1T2RJ63FXG,Z95VFZS3E
GQIH9XKJU,V54WRGTS4,2FN0AJW5B8
GRS8GCY6,17MXIWPJO0,9231C1KTN
GRS8GCY6,1T2RJ63FXG,TT8LMTTU3
GRS8GCY6,1ZONBOBIVH,2FN0AJW5B8
GRS8GCY6,204Q7RISNL,9231C1KTN
GRS8GCY6,JJF4YSX3I,297TWHKS37
GRS8GCY6,V54WRGTS4,2FN0AJW5B8
GSE66PSEY,2O6E3WWEH,2DK2EEKWF7
GXRN3HUT2,11LIXX9DNI,BG8UGK1FT
H03MJDFP7,102W5RGROM,2H695PJ1EA
H0LECHJHN,VTAU0YC8Y,8WY4O2525
H57CXMIGL,11LIXX9DNI,2JQZXUEV9P
H57CXMIGL,1ZU4SRIBYP,2JK3DLZKY9
H57CXMIGL,MCV5ISFAE,1H9EOM0WKP
HCMUER6GE,2PN6550BQO,1TRNTXKZS9
HEX5GMGT7,2DRIUYX4MA,7XA3QC0B0
HFHINSC9E,1ZU4SRIBYP,MSQA1A93R
HIP9F0KNV,18CREL5RDE,D946C3EV9
HNG2E1FB3,1QO6DRI4PV,1NQP0F26LS
HNG2E1FB3,V6SPFLRWQ,1MBGA64B2S
HODTJG1KO,JJF4YSX3I,1U758EBRYD
HSY2XG0Z0,1B7LK5I5LS,RVZJPIDUI
HXAKAONK2,2B5CWJHWG3,23CT6OANNR
HXAKAONK2,2EQIAX4CBK,1JSPOCBTPT
HXCE6S8UJ,1ZU4SRIBYP,1KCUESOSEH
HXCE6S8UJ,291K7WPJ21,2C6QM5Y6HP
I0NA2EOP4,A1XD91RHO,1V6CZ3UZFV
I24RQ48I0,1HJSVODTKX,1HUWPUAFGF
I31BKDLNN,102W5RGROM,1J92UKF196
I31BKDLNN,1HJSVODTKX,8YR0DOS6E
I31BKDLNN,2II970JDIR,22769VM1J3
I4JOR316Q,2LF8RVGZ5G,1B0VM5SFKE
I7R9SY5X2,CD76U7XEG,XUIHJQ2A0
I82BWWKR1,2LFMJHSGFQ,440QPX5YW
IAEBB1WIS,25HVVU5H5O,2BX0D2BF95
IARVE18RD,1JP23ZDV6R,BAVWXN2WM
IARVE18RD,1MOJEXDKSA,3TT919GQ0
IEQPSVD2L,2FVWW3NRA9,1L2H5E8KVE
IEX8J20D4,1CRN82227G,2AF4S37LOT
IG99L58AV,21O576G5H3,19KMUA6LUV
IIQ5CV8G5,1B7LK5I5LS,IKLWMVQ3V
IIQ5CV8G5,1CHOCYU9HT,19P4LAW1YT
IJ5BZMK47,1HJSVODTKX,13OS0C8ACC
IJTGP782S,KITS4GUF3,14EJB8E8FD
IKLWMVQ3V,1B7LK5I5LS,2ISK51ZCPZ
IKLWMVQ3V,2H31BE7GH6,1C8R9D57VD
IMG7K902A,CD76U7XEG,2P4X4QA2O6
INKAINGNE,2NCU4SKWK,29PJ8EBQDP
IP60IQE65,1B7LK5I5LS,1CWCF2FCF9
IPDQQ66E1,21O576G5H3,CWG0VG5SM
IQ3895RU2,25HVVU5H5O,7PTX2V2HC
IQ7KVTISE,2PN6550BQO,2FOCCN4K0Q
ITIFIXYP0,2EQIAX4CBK,1AS8GS5YVP
IZN71W9MS,1B7LK5I5LS,6KQW169VF
IZN71W9MS,2H31BE7GH6,24VP1343ZQ
IZYWU91B8,18CREL5RDE,2BO6866T12
J7RG2WK8F,2DRIUYX4MA,GDR5E3ZTL
J8OCV54ZF,2FVWW3NRA9,1Z2S5ZCKRY
J8OCV54ZF,2II970JDIR,1TENR8JK29
JKNB8476N,1QO6DRI4PV,2ERYLP3LEE
JL4MWLT36,1I940PIPRE,2GD3P40IKB
JOEVJP9NR,1ZU4SRIBYP,7I6E66NDV
JPSP4PJ0J,25HVVU5H5O,V7TRKF2TO
JQNIXEP6E,21O576G5H3,PFZJFHQ65
JQNIXEP6E,PQVOJ34IS,DWMG6KE8
JWYH4HA5G,2EQIAX4CBK,ZGIN25AV6
JX3Z84RJL,1ZU4SRIBYP,9ARWJQFFR
JXXPX0O5L,21O576G5H3,1Z0SXI09G4
JXXPX0O5L,2B5CWJHWG3,1101JH63EQ
JXXPX0O5L,KITS4GUF3,4T3S756HY
JXXPX0O5L,PQVOJ34IS,24SEMIEGQZ
K056P4LAS,7JU2J2Y19,YIAU463H6
K1H0TT01T,11LIXX9DNI,NW1PATK44
K1H0TT01T,25HVVU5H5O,2EQZTO3SHM
K1H0TT01T,291K7WPJ21,HXCE6S8UJ
K1H0TT01T,2PN6550BQO,1CSWTLWIXU
K277I6I95,1QO6DRI4PV,2ERYLP3LEE
K277I6I95,2II970JDIR,4RSKUIAU7
K3QSONPR9,1QO6DRI4PV,1TVX0IQBW7
K3QSONPR9,7JU2J2Y19,21M33X0CXG
K3QSONPR9,V6SPFLRWQ,22769VM1J3
K74KQYRM4,2DRIUYX4MA,1QNI77F68K
K7C2H8FK1,2B5CWJHWG3,1CRVE59UEH
K7C2H8FK1,2EQIAX4CBK,5LHNO80VC
K7C2H8FK1,2MW6303N0L,1J2HHWYFIM
K7C2H8FK1,KITS4GUF3,17NTUY3OPA
K7C2H8FK1,PQVOJ34IS,RG9GTNB5R
KE5D8NFCD,42ZJIQBIE,7ZTQA56FO
KEZXO6QAN,CD76U7XEG,16OB8ZORX4
KEZXO6QAN,SQ1SGA4ZF,1D2HZNT1YA
KT38F4GLB,PQVOJ34IS,XV0UMNGUP
KTWQJSW19,2H31BE7GH6,XMRV8XK3Y
KUOOMKPN3,E3GBHOT17,1L3J666D4B
KUQ0ATAZV,1CHOCYU9HT,24AY2ZWKDN
KUQ0ATAZV,1CRN82227G,TVACZC313
KUQ0ATAZV,2B5CWJHWG3,JXXPX0O5L
KZHOV11DF,2DRIUYX4MA,2R8XFVQ65C
L1XM7Y0ER,MCV5ISFAE,2GZKTKRIL6
L59SOMWBA,1QCX0AAXMA,11DGA0Z6Y9
L7ISCW19B,1QO6DRI4PV,1QWTM0LF4Y
LCO8SUTH2,1B7LK5I5LS,24AY2ZWKDN
LD945JJ54,1ZU4SRIBYP,1HD7X4U4OD
LDSJ1POUS,1B7LK5I5LS,1NZBFR201D
LDSJ1POUS,203R6QQJVM,2AMGMGWP4G
LI2E4SOVS,17MXIWPJO0,9231C1KTN
LI2E4SOVS,1T2RJ63FXG,E6O91WPB4
LLKZG5CR5,1B7LK5I5LS,IIQ5CV8G5
LLYI4EFXH,1T2RJ63FXG,Z95VFZS3E
LPSYWUOQR,1DPXTDK922,1EUYY1QNWU
LQD06P2YI,11LIXX9DNI,7XZ8DNVKC
LQD06P2YI,1ZU4SRIBYP,CEBSNJREO
LQD06P2YI,MCV5ISFAE,9Z63IQ6IK
LYF0V2KN3,1B7LK5I5LS,1VY51FYHKA
LYF0V2KN3,2H31BE7GH6,2NLOMJAQTP
M0ZR9LEEQ,2737P9PM2Z,1LMM3REDP8
M0ZR9LEEQ,42ZJIQBIE,11QUDAQZHD
M0ZR9LEEQ,G3SWY48TK,260NQSV7BH
M1PGYYWZZ,AXMCA31JJ,71M1ALQX5
M2F6AQEM2,2NCU4SKWK,11QUDAQZHD
M2F6AQEM2,42ZJIQBIE,1BISI81DT0
M4ZL84HJP,2NCU4SKWK,POPV1I6O8
M52PXO1QK,21O576G5H3,IG99L58AV
M52PXO1QK,KITS4GUF3,OOZMWZYUX
M8MY3E42Q,1QO6DRI4PV,HNG2E1FB3
M96RB9X5I,2B5CWJHWG3,JXXPX0O5L
M96RB9X5I,2EQIAX4CBK,1JSPOCBTPT
MB1SASAGP,18CREL5RDE,OSMN0TK3D
MB1SASAGP,1CRN82227G,1JLOJDXGLT
MFHDFF30W,1B7LK5I5LS,LLKZG5CR5
MI84BBCIA,109KDCRRVS,FSBL0SS28
MI84BBCIA,1JIAKUDFWB,VCRRLK0BU
MI84BBCIA,1N3LZJ9L23,1IBQ1UDTWG
MI84BBCIA,1SAWTQDD78,2M5C7L8TMT
MI84BBCIA,2I3W30HSW8,ZXK4INTOW
MI84BBCIA,VTAU0YC8Y,245I0I4Q3C
MKC50MF4R,1QO6DRI4PV,1E4J40HAVO
MMMNMUSPD,2PN6550BQO,6WNEI6S17
MMZ46JXII,42ZJIQBIE,13K833Y1Q0
MQ1XI7E7E,1JIAKUDFWB,6BU7WJADN
MQ1XI7E7E,1N3LZJ9L23,SYHUM61GC
MQ1XI7E7E,1SAWTQDD78,PJNXAH4AO
MQ1XI7E7E,2I3W30HSW8,1V8LEIHJ91
MQFVPKOLD,2EQIAX4CBK,1O57WFM8KM
MR2OWOHHZ,102W5RGROM,1R6IEENGQ1
MR6FB25FE,1B7LK5I5LS,SEHK0JIC3
MSQA1A93R,1ZU4SRIBYP,7I6E66NDV
MSQA1A93R,291K7WPJ21,2HQNZODD6Q
MTZAKV12T,1QO6DRI4PV,R2SQLRV0X
MXKTP4JGI,2CJUOVYZPX,2E7F99LFT1
N44NBJTQY,12YG6TUTHQ,GQ82SCDC6
N44NBJTQY,1ZU4SRIBYP,10KDAXFBPY
N44NBJTQY,25HVVU5H5O,2HGWCSQSTK
N44NBJTQY,291K7WPJ21,GQ82SCDC6
N44NBJTQY,MCV5ISFAE,L1XM7Y0ER
N6GKAGP3L,19U8NCGO3N,18C4DZU9N9
N6GKAGP3L,1MOJEXDKSA,TAS4HV137
NA1O3YM86,18CREL5RDE,29H2Q7Y116
NA1O3YM86,2O6E3WWEH,2BO6866T12
ND4FOY018,28C2XKURQ5,D17OLWNBZ
NE3VTJV4K,1B7LK5I5LS,2BF4Y8I6S3
NE3VTJV4K,1CHOCYU9HT,1URCISUTFA
NE3VTJV4K,203R6QQJVM,24AY2ZWKDN
NE3VTJV4K,2H31BE7GH6,2KES6A7ETX
NK1M1LSMW,1QO6DRI4PV,2M7XK35UBJ
NKD4UPK5Z,1CHOCYU9HT,2JOXO8PUFY
NM6LZLFS0,12YG6TUTHQ,N44NBJTQY
NP9TLFCUE,1ZU4SRIBYP,XRRW4ZN6Z
NP9TLFCUE,291K7WPJ21,2BQLO8PJ1X
NPDL637X2,2LF8RVGZ5G,1B0VM5SFKE
NROOJT3VJ,21O576G5H3,27PN5HQE83
NS4VWJFGZ,1ZU4SRIBYP,BW99JHNX2
NW1PATK44,11LIXX9DNI,5ON6I6SQK
NW1PATK44,25HVVU5H5O,WRYEMN6C7
NW1PATK44,291K7WPJ21,1KCUESOSEH
NW1PATK44,2PN6550BQO,15O7QP08VU
NZKS53SDN,PQVOJ34IS,SLN5JL9S7
O12LA6JHY,1ZU4SRIBYP,MSQA1A93R
O12LA6JHY,MCV5ISFAE,UVASROHKP
O3MDXDZS8,1B7LK5I5LS,1HEQK8C8H
O5NLYCS2D,2CJUOVYZPX,13MZ5284SU
O6UPS9P1O,2CJUOVYZPX,1CZV7T92EP
OBZVBTOIY,2B5CWJHWG3,UUS6XAPXM
ODBH3RSGB,1B7LK5I5LS,TI0VYJPSF
ODBH3RSGB,203R6QQJVM,Y6DP7UQC1
ODBH3RSGB,2H31BE7GH6,1VY51FYHKA
ODWI4QBKV,15WQ99RBL9,2FH8SVGOBP
OEQRY050,2HFQVB1VO7,20TB11C64K
OOZMWZYUX,KITS4GUF3,CWG0VG5SM
OQJC55FWW,28C2XKURQ5,19FESIKMXV
OSMN0TK3D,18CREL5RDE,2FPD940DT7
OSQH4DN7,18CREL5RDE,65124BQI4
OSYVWDMN3,203R6QQJVM,FTDRCA3C3
OWB47B4N7,MCV5ISFAE,1KCUESOSEH
OXSPG6UY6,18CREL5RDE,1OARACCA6X
P0EQUGCE,18CREL5RDE,29H2Q7Y116
P6X3RIMMG,2B5CWJHWG3,YEITCJZ4J
P7NBBY9S9,KITS4GUF3,ZGIN25AV6
P81YMQQ5Q,1HJSVODTKX,TCZOURHYW
P81YMQQ5Q,1QO6DRI4PV,CNB6GW70M
P81YMQQ5Q,2FVWW3NRA9,1KL0IEK85I
P97D50HMR,1TINQ6FVZO,X5U2VDQ6M
P97D50HMR,9C7HG1GDJ,2H7Z0HEZH8
P97D50HMR,E3GBHOT17,1L3J666D4B
PAVMWXYY4,42ZJIQBIE,QK7S55D8U
PAVMWXYY4,G3SWY48TK,1JZJZGZ13B
PBEQYFQ01,V6SPFLRWQ,1EHILG148E
PDPOV372C,2DRIUYX4MA,2AQ63YLOLT
PFZJFHQ65,21O576G5H3,2AXP8UCDQB
PFZJFHQ65,PQVOJ34IS,JQNIXEP6E
PHTFX4CLK,PQVOJ34IS,1I1T14VO8O
PJNXAH4AO,1JIAKUDFWB,1BDH15KEQC
PJNXAH4AO,1N3LZJ9L23,MI84BBCIA
PJNXAH4AO,1SAWTQDD78,1IBQ1UDTWG
PJNXAH4AO,2I3W30HSW8,ZXK4INTOW
PNPWYLAP6,KITS4GUF3,2A34P797UJ
POPV1I6O8,2LF8RVGZ5G,I4JOR316Q
POPV1I6O8,2NCU4SKWK,M2F6AQEM2
POPV1I6O8,42ZJIQBIE,M0ZR9LEEQ
POPV1I6O8,75X9G60NB,20TB11C64K
POPV1I6O8,G3SWY48TK,1CIM8NXULB
PPEX0GMXC,DNX38TW4T,2QFM2KLILZ
PQ3VNT83Z,203R6QQJVM,Y6DP7UQC1
PQ3VNT83Z,2H31BE7GH6,2174T8ZQ1E
PRELX0XSZ,2EQIAX4CBK,SY7D1273B
PRELX0XSZ,KITS4GUF3,5J0O91A12
PW6QZ4GOY,18CREL5RDE,2G7PB1QHQ1
PYM6LR32H,CD76U7XEG,1ZAT62F4AA
Q2NJPE3XQ,1QO6DRI4PV,1CBU1W92BF
Q4IHVBCD2,WOHSJ4AS5,25GURG02D8
Q8D348OWL,75X9G60NB,216ICPVAZR
QC4IC9ZXA,1B7LK5I5LS,1SA36KGK95
QH6PYRGWY,AXMCA31JJ,CMM333IAQ
QIGIBS9YO,2EQIAX4CBK,V0SMGL5CD
QIGIBS9YO,PQVOJ34IS,XV0UMNGUP
QIS2Z359,1CRN82227G,27S9UWQARY
QJHHH401T,MCV5ISFAE,N44NBJTQY
QK7S55D8U,42ZJIQBIE,1KFRUX8GS5
QK7S55D8U,G3SWY48TK,20UUYT6YTD
QN3BNEX3J,11LIXX9DNI,K1H0TT01T
QPGQO80OC,21O576G5H3,1JSPOCBTPT
QPLQTOX8B,1CRN82227G,DMIYVNY0F
QPLQTOX8B,2DRIUYX4MA,15WVBEMIB9
QRCQGZ67E,10F4ODI8D5,2OEXCXVFXB
QUK9Z1IH1,19U8NCGO3N,2CC531MM66
QW87KQX3C,1ZU4SRIBYP,HFHINSC9E
QXDWFZ7QN,2MW6303N0L,2P3DYNIXW5
QZZB37X5N,1JIAKUDFWB,1IBQ1UDTWG
R2PNSFGPG,25HVVU5H5O,13GNGDTYE6
R2SQLRV0X,1QO6DRI4PV,2INJAU7Y42
R57I03LWI,2FVWW3NRA9,28ZVV1RNBC
R57I03LWI,7JU2J2Y19,13OS0C8ACC
RBKOHEPEG,1QO6DRI4PV,CNB6GW70M
RCCP06N9F,AXMCA31JJ,1OMSVKTO76
REBXIL3ZD,25HVVU5H5O,1LNS7Z537M
RF3BA91L7,1QO6DRI4PV,1E4J40HAVO
RF3BA91L7,7JU2J2Y19,K3QSONPR9
RF9KI7V9A,1CRN82227G,2HKLWYS2JS
RG9GTNB5R,PQVOJ34IS,150348K42V
RH1F3F701,PQVOJ34IS,2FFMOBDLZY
RI55FR1LE,7JU2J2Y19,2CD40LHS9G
RI55FR1LE,V6SPFLRWQ,22769VM1J3
RJ8S1ZLS7,1TINQ6FVZO,22R65HG0BM
RKCEOQTXA,16YRCOA9BD,1UHIRPH23P
RKCEOQTXA,1T2RJ63FXG,E6O91WPB4
RMZBY5GXX,1B7LK5I5LS,1NZBFR201D
RQ8KAY7Y5,75X9G60NB,GO919MB61
RVZJPIDUI,1B7LK5I5LS,295BY67YLT
RXAYUQJYQ,AXMCA31JJ,245KOT8NTS
RXSM32DEO,CD76U7XEG,1BNWF8Q8GC
S4N1YZCQO,2HRUZ6T51M,1BRFZ49TA4
S96FA1QDC,25HVVU5H5O,2ERYLP3LEE
S96FA1QDC,2PN6550BQO,13GNGDTYE6
S96FA1QDC,MCV5ISFAE,1KCUESOSEH
SDESX4G1F,19U8NCGO3N,N6GKAGP3L
SEHK0JIC3,1B7LK5I5LS,5EDHDDR6H
SJ5E7LY4C,2NCU4SKWK,11QUDAQZHD
SJ5E7LY4C,42ZJIQBIE,M2F6AQEM2
SLN5JL9S7,PQVOJ34IS,3RHBOEMLK
SLU6970EP,MCV5ISFAE,N44NBJTQY
SMRJ71639,7JU2J2Y19,155CNPE35N
SPJH21PL7,1SAWTQDD78,2M5C7L8TMT
SUCAALM1V,1QO6DRI4PV,1MBGA64B2S
SWFCEELA4,1JP23ZDV6R,VI5OCBZU0
SWFCEELA4,1MOJEXDKSA,1DPGPJ5CNR
SWOXJ53FC,2NCU4SKWK,20UUYT6YTD
SWOXJ53FC,42ZJIQBIE,B52AYO8IO
SWOXJ53FC,75X9G60NB,1Z1E3A0FLH
SY7D1273B,21O576G5H3,17NTUY3OPA
SY7D1273B,2EQIAX4CBK,16KVNNWCYP
SY7D1273B,PQVOJ34IS,24SEMIEGQZ
SYHUM61GC,1JIAKUDFWB,1ER27AALSJ
SYHUM61GC,1N3LZJ9L23,6BU7WJADN
SYHUM61GC,2P4V41O0W1,12XOOW0DUL
SYHUM61GC,VTAU0YC8Y,13N6CWE0L5
T5AJGCN2E,2B5CWJHWG3,HXAKAONK2
T6WUBQVP8,18CREL5RDE,16ZBYE6BYP
T6WUBQVP8,2O6E3WWEH,18ULWTQQAM
T7650AV2G,12YG6TUTHQ,FJB4GJ7TH
T7650AV2G,MCV5ISFAE,2DH276P68S
TAS4HV137,1MOJEXDKSA,F6KSSJPYO
TBEAN1DAR,291K7WPJ21,104P25L8L4
TBYZYAOE,1N3LZJ9L23,245I0I4Q3C
TBYZYAOE,2P4V41O0W1,SYHUM61GC
TBYZYAOE,VTAU0YC8Y,245I0I4Q3C
TCF6T4U2B,1KM3EXIV24,2JUKHO24WR
TCZOURHYW,1HJSVODTKX,IJ5BZMK47
TCZOURHYW,1QO6DRI4PV,1TVX0IQBW7
TCZOURHYW,7JU2J2Y19,K3QSONPR9
TDOFQVLWO,WOHSJ4AS5,25GURG02D8
TI0VYJPSF,14CKWJL752,24MPME3A9B
TI0VYJPSF,1B7LK5I5LS,IP60IQE65
TI0VYJPSF,1CHOCYU9HT,ZTEM6DIMJ
TI0VYJPSF,203R6QQJVM,FTDRCA3C3
TI0VYJPSF,2H31BE7GH6,24I30U8IAS
TI0VYJPSF,OV66LJT5T,20AUTNOA8R
TKHBP8WZ2,OVZXBOVPQ,1S5NMO6BAU
TR0G6MHP1,V6SPFLRWQ,2L3I1UE5OU
TT8LMTTU3,16YRCOA9BD,1UHIRPH23P
TT8LMTTU3,1T2RJ63FXG,9231C1KTN
TTS04R4L0,2H31BE7GH6,1HS6VKQ5CU
TV0Q4G8QU,203R6QQJVM,2KWHQP1IU3
TVACZC313,1CRN82227G,2M3IWI7DA0
TVACZC313,1UBKX43I12,1WXS2697HZ
TVACZC313,2DRIUYX4MA,1MZUBDU2E8
TW4CX3K7X,1ZU4SRIBYP,JX3Z84RJL
TWGMMZ826,1QO6DRI4PV,MTZAKV12T
TZMOMXCU7,1JIAKUDFWB,MI84BBCIA
U0JDEM46,VTAU0YC8Y,8WY4O2525
U1KHLCLYL,1T2RJ63FXG,1C4IQXC5CJ
U8DEZWZEP,102W5RGROM,23O22Q0S5F
UA3S8LE9I,1QO6DRI4PV,B7U449FJA
UGUWE198A,1CHOCYU9HT,2NKXUUAOA9
UGUWE198A,2H31BE7GH6,XMRV8XK3Y
UKZWBDD6J,11LIXX9DNI,2JQZXUEV9P
UP2W838Q2,11LIXX9DNI,11GGRCQCQE
USPRSFY9C,18O3VWAQYJ,2FM1RJKIOE
USZHJUCPM,1B7LK5I5LS,1SENITMHGJ
UU76P3GZX,291K7WPJ21,K1H0TT01T
UUS6XAPXM,2B5CWJHWG3,1HWLE6MKMK
UUS6XAPXM,2EQIAX4CBK,14EJB8E8FD
UUS6XAPXM,KITS4GUF3,EC352SF3D
UUS6XAPXM,PQVOJ34IS,NZKS53SDN
UVASROHKP,MCV5ISFAE,V36NL2VFL
UXO2CIBJY,AXMCA31JJ,RXAYUQJYQ
V0SMGL5CD,2EQIAX4CBK,VTEQKZ6O7
V2BQQC4BT,1QO6DRI4PV,1A8WHPYM1Y
V2BQQC4BT,7JU2J2Y19,2KR1ACID27
V36NL2VFL,1ZU4SRIBYP,BW99JHNX2
V36NL2VFL,MCV5ISFAE,16CIE04DL4
V5HX0IHZ,1HJSVODTKX,WPT20YNX2
V6FPBK29L,2O6E3WWEH,ZSZH98ARG
V7DJVE1CY,291K7WPJ21,F8MIYXNXM
V7TRKF2TO,1ZU4SRIBYP,2JK3DLZKY9
V7TRKF2TO,25HVVU5H5O,1CTDFD6SNH
V7TRKF2TO,2PN6550BQO,1PK3P6Q36W
VBG9K95YL,2EQIAX4CBK,17NTUY3OPA
VC8XGJP2P,28C2XKURQ5,1L3J666D4B
VCRRLK0BU,1JIAKUDFWB,20J0N70ZU3
VCRRLK0BU,2I3W30HSW8,2RI2839XFU
VCVE2R9R1,2NCU4SKWK,11QUDAQZHD
VCVE2R9R1,42ZJIQBIE,POPV1I6O8
VCVE2R9R1,G3SWY48TK,11QUDAQZHD
VEU6IRH3V,G3SWY48TK,2P49C91Z59
VH4CAF8RN,CD76U7XEG,16OB8ZORX4
VI5OCBZU0,1JP23ZDV6R,DM8RVSZMV
VI5OCBZU0,1MOJEXDKSA,YQXG4D3E0
VSVPZEX9C,102W5RGROM,13OS0C8ACC
VSVPZEX9C,1HJSVODTKX,I24RQ48I0
VTEQKZ6O7,2EQIAX4CBK,ZMCXNMA87
VVQWBIRYP,2O6E3WWEH,2QU6Z6P2NU
VZGKBWQCZ,CD76U7XEG,2AIM3O3E5U
W08N1PF22,LPK4NJEXJ,1P9JND88K4
W0MKZGSZQ,42ZJIQBIE,POPV1I6O8
W0MKZGSZQ,75X9G60NB,256PDG96O5
W4B2556I3,1B7LK5I5LS,1VW46NSMXO
W5S4BD5TU,PQVOJ34IS,1CWW9H8LVT
W7QULFJYM,1CHOCYU9HT,2K6V6GTPMC
WF2BIDGGJ,2DRIUYX4MA,ZNRFPGR3B
WFR5LMEBG,2AUCRW14PQ,44XV6IQO6
WFR5LMEBG,Z0IH3IENY,1LP68QGE7D
WH3K6Y7VY,21O576G5H3,FGNK7J3BO
WL2BRN4RH,2HFQVB1VO7,20TB11C64K
WL2BRN4RH,2NCU4SKWK,2P49C91Z59
WL2BRN4RH,42ZJIQBIE,M2F6AQEM2
WL2BRN4RH,75X9G60NB,256PDG96O5
WL2BRN4RH,G3SWY48TK,2P49C91Z59
WPT20YNX2,1HJSVODTKX,2MMQY3V2W1
WRYEMN6C7,25HVVU5H5O,22BN1QZCIP
WSQSD89SJ,2737P9PM2Z,M0ZR9LEEQ
WSQSD89SJ,42ZJIQBIE,3CLZMY2L1
WSQSD89SJ,G3SWY48TK,QK7S55D8U
X32Y3SHJZ,21O576G5H3,IG99L58AV
X44G6Y57X,CD76U7XEG,19FESIKMXV
X5U2VDQ6M,1TINQ6FVZO,P97D50HMR
X5U2VDQ6M,9C7HG1GDJ,2LUGPCHD2W
X9L69UEKO,2AUCRW14PQ,2QFM2KLILZ
X9L69UEKO,2CJUOVYZPX,2GYK1Q0G9Y
X9L69UEKO,DNX38TW4T,2QFM2KLILZ
X9L69UEKO,Z0IH3IENY,1OFBBMV6DO
XFSALBIUF,1QINLS5ZB8,9231C1KTN
XGRH5FSGL,1S4ZTRAFB7,1BFUXLQARJ
XGRH5FSGL,6DB8TTW80,24ABTDPW2A
XJ4QEFXAC,1QO6DRI4PV,3QQQW0EU3
XMRV8XK3Y,1CHOCYU9HT,4AC45SWOY
XMRV8XK3Y,203R6QQJVM,4AC45SWOY
XMRV8XK3Y,2H31BE7GH6,2NLOMJAQTP
XMRV8XK3Y,CD76U7XEG,1FN3UGSKCC
XMRV8XK3Y,OV66LJT5T,201D1DVX6K
XQV3XVDYE,2737P9PM2Z,E8M2PF94Q
XRJL0Y59O,2H31BE7GH6,5EDHDDR6H
XRRW4ZN6Z,1ZU4SRIBYP,8TBY100PH
XS5TG13DG,1QO6DRI4PV,1AUFDI9VS8
XUIHJQ2A0,CD76U7XEG,D3EXBNF3N
XV0UMNGUP,203R6QQJVM,17W5YCQ7Q1
XV0UMNGUP,2H31BE7GH6,1UXN1ZE7CL
XV0UMNGUP,PQVOJ34IS,1KBOR7RKGV
XV0ZHIZSN,21O576G5H3,9SQF1Z9D2
XVAK7WAZX,18CREL5RDE,10ZA4TRIO7
XVAK7WAZX,2O6E3WWEH,2AQ63YLOLT
XWRYQ8B5P,21O576G5H3,27PN5HQE83
XZY4I4H0K,1QO6DRI4PV,1AUFDI9VS8
Y09QHFBCX,2PN6550BQO,IQ7KVTISE
Y53MGY5I4,2DRIUYX4MA,2IZYUPMRSY
Y6DP7UQC1,203R6QQJVM,1HNH6FK9WM
YA7ZYPLZR,21O576G5H3,2AXP8UCDQB
YBERXA819,1QO6DRI4PV,MTZAKV12T
YEITCJZ4J,2B5CWJHWG3,13F3RW8B3H
YIAU463H6,7JU2J2Y19,2I7FMNF197
YIAU463H6,V6SPFLRWQ,1MJM2F5NMM
YQXG4D3E0,1MOJEXDKSA,VI5OCBZU0
YV0VFRDCX,1JP23ZDV6R,1M6QPX9MCM
YWJ30GDW3,1QO6DRI4PV,CUUVVLZTY
YWJ30GDW3,2FVWW3NRA9,BSS3B809P
YYKMRCK0M,YNO6IYJ38,2824R99F0R
YZPOJKGQY,1QO6DRI4PV,1VJGF95CFC
YZYI5U9GZ,102W5RGROM,10DTG0AEOW
Z1UG7N6F1,1HJSVODTKX,WPT20YNX2
Z1UG7N6F1,1M5CIOUVYX,23QNP79RJB
Z95VFZS3E,1T2RJ63FXG,TT8LMTTU3
Z97NI1UPO,1HJSVODTKX,I24RQ48I0
ZC6RS3T4G,291K7WPJ21,26JIUH83UR
ZGIN25AV6,2B5CWJHWG3,1XIWH0FBQ0
ZGIN25AV6,2EQIAX4CBK,1JSPOCBTPT
ZGIN25AV6,KITS4GUF3,267H5NZPXG
ZMCXNMA87,2EQIAX4CBK,129OT5DNV0
ZNBQB08KG,1CRN82227G,2CKXCWGPVW
ZNM9DJZQ7,21O576G5H3,21VU3VHPJ1
ZNRFPGR3B,2DRIUYX4MA,2AQ63YLOLT
ZRDQ0V72X,25HVVU5H5O,2F83OXCIQF
ZRDQ0V72X,291K7WPJ21,1PK3P6Q36W
ZRDQ0V72X,2PN6550BQO,24JZWPS7NI
ZSZH98ARG,2O6E3WWEH,C0W33NH4C
ZTEM6DIMJ,1B7LK5I5LS,DBQAGQO54
ZTEM6DIMJ,1CHOCYU9HT,2D4EMLY785
ZUBG8M8U,V6SPFLRWQ,13OS0C8ACC
ZW74W70XN,KITS4GUF3,PRELX0XSZ
ZXK4INTOW,1JIAKUDFWB,1V8LEIHJ91
ZXK4INTOW,1N3LZJ9L23,1IBQ1UDTWG
ZXK4INTOW,1SAWTQDD78,119ESZK0V7
ZXK4INTOW,2I3W30HSW8,MI84BBCIA
ZY24QW3NN,2DRIUYX4MA,1EFM1PP9UF
